"Mandarin","meaning","Hokkien_synonyms"
"一起","together","相佮 (saⁿ-kap,sa-kap,sio-kap)
做伙 (chòe-hér,chòe-hé)
做陣 (chòe-tīn,chòe-chūn)
做一下 (chòe-chi̍t-ē,chòe-chē)
鬥陣 (tàu-tīn)
平平 (pîⁿ-pîⁿ)
和齊 (hô-chôe)
同齊 (tâng-chôe)"
"一點","a little","淡薄 (tǎm-po̍h,tǎm-po̍k,tām-po̍k,tām-po̍h)
一點仔 (chi̍t-tiám-仔)
淡薄仔 (tām-po̍h-仔)"
"七夕","Qixi Festival","七娘媽生 (Chhit-niû-má-siⁿ)"
"丈夫","husband","翁 (ong,ang)	[Note] ang - vernacular; ong - literary
查埔人 (ta-po͘-lâng)
翁婿 (ang-sài)
先生 (sian-siⁿ)	[Note] When following a surname, it is read in the neutral tone
老的 (lǎu--ê,lāu--ê)
老伙記 (lǎu-hér-kì,lāu-hé-kì,lāu-hé-khì)
頭家 (thâu-ke)"
"上午","morning","早起 (chá-khí,chái-khí,chái-í)
早起時 (chá-khí-sî)
頂晡 (téng-po͘)
頂晝 (téng-tàu)
頂半日 (téng-pòaⁿ-li̍t)
頂半晡 (téng-pòaⁿ-po͘)"
"下午","afternoon","下晡 (ě-po͘,ē-po͘)
暗晡 (àm-po͘)"
"下去","to go down","落去 (lo̍h-khìr,lo̍h-khì)	[Note] {{lang|zh|去}} is toneless when it is a verb at the end of a phrase; {{lang|zh|落去}} is toneless as a complement"
"下巴","chin","下頦 (ě-hâi,ē-hâi)
下斗 (ě-táu,ē-táu)
喙下斗 (chhùi-ě-táu,chhùi-ē-táu)
下顎 (ě-kok,ē-khok,ē-kok)
下頷 (ē-ham)
下𦜆 "
"下棋","to play chess","行棋 (kiâⁿ-kî)"
"下課","to finish class","落課 (lo̍h-khò)"
"下雨","to rain","落雨 (lo̍h-hǒ͘,lo̍h-hō͘)"
"下雪","to snow","落雪 (lo̍h-seh,lo̍h-serh)"
"下面","below; under","下跤 (ě-kha,ē-kha)
下面 (hǎ-biān,ě-bīn,ē-bīn,hā-biān)
下底 (ě-tóe,ē-tóe)"
"不","not","毋 (m̄,bû)	[Note] bû - literary; m̄ - vernacular
袂 (bē,bǒe,bōe,māi)	[Note] substitute character for {{zh-l|𣍐}}
無 (bô,bû)	[Note] bô - colloquial; bû - literary"
"不久","soon; before long","無偌久 (bô-lǒa-kú,bô-lōa-kú)"
"不倒翁","roly-poly toy","阿不倒 (a-put-tó)"
"不好意思","excuse me","歹勢 (phái-sè,pháiⁿ-sè)"
"不客氣","you're welcome","毋免客氣 "
"不是","to not be","毋是 (m̄-sǐ,m̄ sī)"
"不用","need not","毋免 (m̄-bián)	[Note] mián - contraction, used in some dialects only
免 (bián)
毋使 ()"
"不錯","not bad; pretty good","袂歹 (bǒe-phái,bōe-pháiⁿ)"
"中午","noon","日晝 (li̍t-tàu)
中晝 (tiong-tàu)
下晝 (ě-tàu,ē-tàu)
日中晝 (li̍t-tiong-tàu)
日當晝 (li̍t-tng-tàu)"
"中指","middle finger","中指 (tiong-chúiⁿ,tiong-chái)
中哥 (tiong-ko)
中營 (tiong-iâⁿ)
中爪 (tiong-niáu)
中椵 (tiong-kê)"
"中秋節","Mid-Autumn Festival","中秋 (tiong-chhiu,teng-chhiu)
八月十五 (poeh-ge̍h-cha̍p-gō͘)
中秋節 ()
八月半 (poeh-ge̍rh-pòaⁿ,poeh-ge̍h-pòaⁿ)
八月節 (poeh-ge̍h-choeh)"
"乒乓球","table tennis; ping pong","桌球 (toh-kiû)
乒乓 (phin-phong)"
"乞丐","beggar","乞食 (khit-chia̍h)"
"也","also, too","也 (iá,iǎ,ǎ,iā,ā)	[Note] iā/iǎ/ā/ǎ - vernacular; iá - literary
嘛 (mǎ,--ma,mà,mā)"
"乳房","breast","奶仔 (lin-仔,ni-仔)
奶 (nái,lin,ni)	[Note] ni/lin/leng - colloquial (“breast; milk; milk-like beverage; rubber; handle”); nee - variant of leng, colloquial (“breast; milk”); ne - colloquial (children’s speech, “breast; breastmilk”); nai - colloquial (“to behave like a spoiled brat”); nái - literary"
"乾","dry","焦 (ta,chiau)	[Note] chiau/chau - literary; ta - vernacular"
"乾兒子","godson; (nominally) adopted son","契囝 (khòe-káⁿ,khòe-kiáⁿ)"
"乾淨","clean; not dirty","清氣 (chheng-khì)"
"了","''perfective particle''","咯 (kha̍k,ko̍k)
啦 (--la)"
"事情","affair; matter","代誌 (tāi-chì)"
"五花肉","streaky pork; pork belly","五花精 (gǒ͘-hoe-chiaⁿ,gō͘-hoe-chiaⁿ)
三棧肉 (sam-chàn-mah)
三層肉 (sam-chân-bah)"
"些","some, a few","寡 (kóa,kóaⁿ)"
"京劇","Peking opera","京劇 (kiaⁿ-kio̍k)
京班 (kiaⁿ-pan)
大班 (tōa-pan)
正音 (chiàⁿ-im)"
"亮","bright","光 (kong,kng)	[Note] kng/kuiⁿ - vernacular; kong - literary"
"人","man; person","儂 (lông,lâng)	[Note] lâng - vernacular; lông - literary"
"人情世故","worldly wisdom","人情世事 (lîn-chêng-sè-sū)"
"什麼","what","啥物 (siám-mih,siáⁿ-mih,siáⁿ-mi̍h)
什物 (si̍p-mi̍h,siám-mih,sím-mi̍h)
乜 ()
啥貨 (siáⁿ-hè)"
"什麼時候","when","底時 (tǐ-sî,tī-sî)"
"今天","today","今仔日 (kin-仔-li̍t,kiaⁿ-li̍t)	[Note] kiaⁿ-li̍t/kiáⁿ-ji̍t - contraction
今仔 (kin-â,kin-仔)	[Note] ta̋ⁿ - contraction
今仔載 (kin-仔-chài)"
"今晚","tonight; this evening","今仔暗 (kin-仔-àm)
今暝 (kin-mî)"
"他","he","伊 (i)"
"他們","they","𪜶 (in)"
"仰泳","backstroke; back crawl","反肚泅 (púiⁿ-tó͘-siû,péng-tō͘-siû)"
"伯母","paternal aunt (wife of father's elder brother)","阿姆 (a-ḿ)
姆仔 (ḿ--仔)
姆 (ḿ,bú,bió,bó͘)	[Note] bió/bó͘ - literary; bú/bó - vernacular; ḿ - vernacular (俗)"
"伯父","paternal uncle (father's elder brother)","阿伯 (á-peh,a-peh)"
"但是","but; however","但是 (tān-sǐ,nā-sī,tān-sī)
毋句 (m̄-kú)
不過 (put-kò͘,put-kò)
不而過 (put-lî-kò͘,put-lī-kò)
毋過 (m̄-ko,m̄-ku)"
"你","you (''singular'')","汝 (lí,lír,lú)	[Note] Xiamen: lí - vernacular; lú - literary
Zhangzhou: lí - vernacular; jí/ní - literary
mainstream Taiwan: lí - vernacular; jú/lú - literary"
"你們","you (''plural'')","恁 (lín,līm)"
"便宜","cheap","俗 (sio̍k,sio̍h)	[Note] sio̍k - literary; sio̍h - vernacular (俗)
便宜 (pân-gî,piân-gî)"
"信","letter","批 (phe,phoe)	[Note] Xiamen, Quanzhou: phoe - vernacular; phe - literary
mainstream Taiwan: phoe - vernacular; phi - literary"
"信封","envelope","批囊 (phoe-lông)
批殼 (phoe-khak)
批橐 (phoe-lok)"
"做夢","to dream","做夢 (chòe-bāng)
眠夢 (bîn-bāng)"
"傍晚","nightfall; dusk; evening","日欲暗 (li̍t-berh-àm,li̍t-beh-àm)
欲暗仔 (berh-àm-仔,beh-àm-仔)
倚暗 (óa-àm)
倚暗仔 (óa-àm-仔)"
"傘","umbrella","雨傘 (hǒ͘-sòaⁿ,hō͘-sòaⁿ)
傘 (sàn,sòaⁿ)	[Note] sòaⁿ - vernacular; sàn - literary"
"傳聲器","microphone","麥克風 (be̍k-khek-hong)
話筒 (ōe-tâng)"
"傻","stupid","戇 (gōng)
潲面 (siâu-bīn)"
"價錢","price; cost","價錢 (kè-chîⁿ)
價跤 (kè-kha)
價聲 (kè-siaⁿ)
價數 (kè-siàu)"
"元","yuan; dollar","箍 (kho͘)"
"元宵節","Lantern Festival","上元 (Siōng-goân)"
"兄弟","brothers","兄弟 (hiaⁿ-tǐ,heng-tě,heng-tē,hiaⁿ-tī)	[Note] hiaⁿ-tī/hiaⁿ-tǐ - vernacular; heng-tē/heng-tě - literary
兄弟仔 "
"兒女","sons and daughters; children","囝兒 (káⁿ-lî,kiáⁿ-lî)"
"兒子","son","囝 (káⁿ,kiáⁿ)
後生 (hǎu-siⁿ,hāu-siⁿ)
後的 (hāu--ê)"
"兔子","rabbit; hare","兔 (thò͘)
兔仔 (thò͘-仔)"
"內斜視","esotropia; cross-eye","目魚 
挩窗 (thoah-thang)"
"八哥","myna","鵁鴒 (ka-nūi,ka-lēng)
烏肉 (o͘-hia̍k)"
"公公","father-in-law; husband's father","大官 (ta-koaⁿ,tōa-koaⁿ)"
"公貓","tomcat","貓公 (niau-kang,niau-kong)"
"公雞","rooster","雞角 (koe-kak)
雞翁 (koe-ang)
雞公 (koe-kang)"
"冰棍","ice popsicle","冰條 (ping-tiâu)
霜條 (sng-tiâu)"
"冰淇淋","ice cream","冰淇淋 (peng-kî-lîn,peng-kî-lîm)
霜糕 
冰糕 (peng-ko)"
"冰箱","refrigerator","冰櫥 (peng-tû)
霜櫥 (sng-tû)
冰箱 (peng-siuⁿ)
霜櫃 (sng-kūi)
冰櫃 (peng-kūi)"
"冰糖","rock sugar","糖霜 (thn̂g-sng)"
"冷","cold","冷 (léng)
寒 (kôaⁿ,hân,gân)	[Note] hân - literary; kôaⁿ - vernacular; gân - vernacular (俗)
凊 (chhìn)"
"出租汽車","taxicab","的士 (tiak-sî,tek-sî)"
"別","do not","毋通 (mang,m̄-thang)	[Note] bang/mang - contraction
毋愛 (m̄-ài)
莫_2 "
"別人","someone else; others","別儂 ()"
"刷牙","to brush one's teeth","洗喙 (sóe-chhùi)"
"前天","day before yesterday","昨日 (chǎ-li̍t,cho̍h--li̍t,cha-li̍t)
頂日 (téng-li̍t)"
"前面","in front; ahead","頭前 (thâu-chûiⁿ,thâu-chêng)"
"前額","forehead","頭額 (thâu-hia̍h)
天平 (thian-pêng)
前擴 (chûiⁿ-khok,chêng-khok)
額𩉍 (hia̍h-chiáⁿ)
眉額 (bâi-hia̍h)"
"剪刀","scissors","鉸剪 (ka-chián)
鉸攆 (ka-lián)
鉸刀 (ka-to)"
"助產士","midwife","先生媽 (sian-siⁿ-má)
抾囝母 (khioh-káⁿ-bú)
抾囝姐 (khioh-kiáⁿ-chiá)
抾姐 ()
抾姐母 (khioh-chiá-bú)
抾姐婆 (khioh-chiáⁿ-pô)"
"勺子","spoon","湯匙 (thng-sî)"
"包子","steamed bun (with filling)","燒包 (sio-pau)
包仔 (pau-仔)
包 (pau,pâu)	[Note] pâu - surname"
"南瓜","pumpkin","金瓜 (kim-koe)
冬瓜 (tang-koe)"
"卜珓","to divine using moon blocks","跋杯 (poa̍h-poe)"
"去年","last year","舊年 (kū-nî)"
"反文旁","Chinese character component 攵","反文爿 (hoán-bûn-pûiⁿ,hoán-bûn-pêng)"
"反正","anyway","橫直 (hûiⁿ-ti̍t,hoâiⁿ-ti̍t)"
"口水","saliva; drool","瀾 (nǒa,lân,lǎn,nōa,lān)
喙瀾 (chhùi-nǒa,chhùi-nōa)
津液 (tin-ia̍k,chin-e̍k,tin-e̍k)"
"口紅","lipstick","脣紅 (tûn-hông)"
"口香糖","chewing gum","樹奶糖 (chhiǔⁿ-lin-thn̂g,chhiūⁿ-ni-thn̂g)"
"可以","can; may","會做 (ě-chòe,ē-chòe)
會用 (ě-ēng,ē-ēng)
會用得 (ě-ēng-lit,ě-ēng-tit,ē-ēng-tit)	[Note] The last syllable becomes a neutral tone at the end of a phrase
會做得 (ě-chòe-lit,ě-chòe-tit)	[Note] The last syllable becomes a neutral tone at the end of a phrase
會當 (ē-tàng)
會得 (ě-tit,ě-lit,ē-tit)
會得通 (ě-tit-thang,ē-tit-thang,ē-lit-thang)
會通 (ě-thang,ē-thang)
通 (thang,thong)	[Note] thang - vernacular; thong - literary
會使 (ē-sái)"
"可愛","adorable; lovable; cute","古錐 (kó͘-chui)
得人疼 
古傑 "
"右手","right hand","正手 (chhiàⁿ-chhiú)"
"司機","driver; chauffeur","車頭 (chhia-thâu)
機司 (ki-sir,ki-su)"
"吃","to eat","食 (si̍t,chia̍h,se̍k)	[Note] si̍t - vernacular (Xiamen, Zhangzhou), literary (Quanzhou, Taiwan); se̍k - literary
唵 (ām)"
"吐","to spit","呸 (phùi)"
"含羞草","shameplant; touch-me-not; sensitive plant","畏擽草 (ùi-ngiau-chháu)"
"吸煙","to smoke","點薰 (tiám-hun)
食薰 (chia̍h-hun)
嗍薰 (suh-hun)
鼿薰 (buh-hun)
灸薰 (kù-hun)
燒薰 "
"吹風機","hairdryer; blowdryer","電吹 (tiān-chher,tiān-chhe)"
"告訴","to tell","共……說 
共……講 (kā ... kóng,kāng ... kóng)"
"味精","monosodium glutamate","味素粉 (bī-sò͘-hún)"
"味道","taste; flavour","味 (bī)
味素 (bī-sò͘)"
"呼吸","to breathe","喘氣 (chhoán-khùi)"
"和","and","佮 (kap,kah)	[Note] kap - literary; kah - vernacular
交 (kau,ka,ka̍h)	[Note] kau - literary; ka/ka̍h - vernacular"
"咱們","we; us (''inclusive'')","咱 (lán,cham)
咱人 (lán-lâng,nán-nâng,lán-nâng)"
"咳嗽","to cough","咁嗽 (khǎm-sàu,khām-sàu)"
"哈巴狗","Pekingese (dog)","番仔狗 (hoan-仔-káu)
胡獅狗 (hô͘-sai-káu)
鬖毛狗 (sàm-mn̂g-káu)
虎獅狗 (hó͘-sai-káu)"
"哥哥","elder brother","阿兄 (á-hiaⁿ,a-hiaⁿ)
阿哥 (a-ko)
兄哥 (hiaⁿ-ko)
俺兄 "
"哪","which","佗 (tô,tó)"
"哪個","which (one)","佗一個 (tó-chi̍t-gê,tó-chi̍t-ê)
佗落一個 
佗一股 "
"哪裡","where","佗落 (tó-loh,tó-lo̍h)
佗位 (tah-ūi,tó-ūi)	[Note] tōe, toeh - contractions"
"哭","to cry; to weep","吼 (háu,hió,hó͘)	[Note] háu - vernacular; hó͘/hió - literary
哭 (khàu,khok)	[Note] khàu - vernacular; khok - literary"
"啞巴","mute person","啞口 (é-káu,iak-káu)
啞口的 (é-káu--ê,é-kháu--ê)"
"啤酒","beer","啤酒 (pî-chiú)
米仔酒 (bí-仔-chiú)
啤仔酒 (bí-仔-chiú,pî-仔-chiú)
麥仔酒 (be̍h-仔-chiú)"
"喉嚨","throat","嚨喉 (nâ-âu)"
"喉結","Adam's apple","頷珠 (ām-chu)
頷頸珠 (ām-kún-chu)
嚨喉骨 
喉鈴仔 (âu-lêng-仔)"
"喜歡","to like","愛 (ài)
佮意 (kah-ì)
佮愛 
歡喜 (hoaⁿ-hí)
意愛 (ì-ài)
舒合 (su-kah)"
"喝","to drink","啉 (lim,lâm)	[Note] lim - vernacular; lâm - literary
食 (si̍t,chia̍h,se̍k)	[Note] si̍t - vernacular (Xiamen, Zhangzhou), literary (Quanzhou, Taiwan); se̍k - literary
哈 (ha,hap,hah,Hap)	[Note] hah, ha - vernacular; hap - literary"
"喝茶","to drink tea","啉茶 (lim-tê)
食茶 (chia̍h-tê)"
"單人旁","Chinese character component 亻","單人爿 (tan-lîn-pûiⁿ,tan-lîn-pêng)
單徛儂 (tan-khǎ-lâng,tan-khiā-lâng)
徛儂爿 (khǎ-lâng-pûiⁿ,khiā-lâng-pêng)
徛人爿 (khiā-lîn-pêng)"
"嗩吶","suona (musical instrument)","噯仔 (ài-仔)"
"嘔吐","to vomit","吐 (thò͘,thó͘)"
"嘴","mouth","喙 (hùi,chhùi)	[Note] chhùi - vernacular; hùi - literary
喙斗 (chhùi-táu)
喙口 (chhùi-kháu)
喙箍 (chhùi-kho͘)"
"嘴脣","lips","喙脣 (chhùi-tûn)
喙脣皮 (chhùi-tûn-phêr,chhùi-tûn-phê)"
"回","to return; to come or go back to","轉 (choān,choàn,choán,tńg)	[Note] tńg, túiⁿ - vernacular (“to return”); choán - literary,choàn - literary; tńg/túiⁿ - vernacular"
"回來","to come back; to return","倒來 
轉來 (tńg-lâi)"
"回去","to return; to go back","倒去 (tò--khìr,tò--khì)
轉去 (tńg--khìr,tńg--khì)
轉來去 
倒來去 "
"圍嘴","bib (for babies)","瀾垂 (nǒa-sê,nōa-sê)
飯垂 (pn̄g-sê)
頷垂 (ām-sê)"
"圍巾","scarf; muffler","領巾 (niá-kun)
頷巾 (ām-kun)"
"圍裙","apron","圍身裙 (ûi-sin-kûn)
圍垂裙 
圍身巾 
煮食裙仔 (chú-chia̍h-kûn-仔)
油身裙 (iû-sin-kûn)
圍軀裙 (ûi-su-kûn)"
"圓珠筆","ballpoint pen","圓珠筆 (oân-chu-pit)
膏筆 (ko-pit)"
"土地公","Tudigong","土地公 (Thó͘-tī-kong)
大伯公 (Tōa-peh-kong)"
"在","at, in","佇 (tǐ,tǐr,tī)
踮 (tiàm)"
"地方","place (noun)","所在 (só͘-chǎi,só͘-chāi)"
"地震","(to have an) earthquake","地動 (tōe-tǎng,tōe-tāng,tō͘-tāng)
地牛翻身 (tōe-gû#-hoan-sin)"
"坐月子","to go through postpartum confinement","做月內 (chòe-ge̍h-lǎi,chòe-ge̍rh-lǎi,chòe-ge̍h-lāi)"
"坐牢","to be imprisoned","坐跤跔 
坐監 (chěr-kaⁿ,chē-kaⁿ)
關監 (kuiⁿ-kaⁿ,koaiⁿ-kaⁿ)
入監 (li̍p-kaⁿ)"
"垃圾","garbage","糞掃 (pùn-sò)
霎洗 (sap-sóe)
垃圾 (lap-sap)"
"墨鏡","sunglasses","烏目鏡 (o͘-ba̍k-kiàⁿ)
烏晶目鏡 (o͘-chiⁿ-ba̍k-kiàⁿ)"
"壁虎","gecko; house lizard","蟮蟲 (siân-lâng,siān-thâng,siān-lâng)"
"壞","bad; not good","歹 (phái,tái,pháiⁿ)"
"夏天","summer","熱人 
熱天 (loa̍h-thiⁿ)
熱毒人 "
"外孫女","granddaughter (daughter's daughter)","外孫女 (gōa-sun-lí)
查某孫 (cha-bó͘-sun)"
"外祖母","maternal grandmother","外媽 (gōa-má)
俺媽 
媽仔 
阿媽 (a-má,a-mâ)"
"外祖父","maternal grandfather","外公 (gōa-kong)
阿公 (a-kong)
俺公 "
"多","many; much","濟 (ché,chè,chōe)"
"多久","how long (time)","偌久 (lōa-kú)"
"多少","how many; how much","偌濟 (lǒa-chōe,lōa-chōe)
幾 (ki,kí,kúi)	[Note] kúi - vernacular; kí - literary"
"多少錢","how much is it?","偌錢 (lǒa-chîⁿ,lōa-chîⁿ)
偌濟錢 (lǒa-chōe chîⁿ,lōa-chōe chîⁿ)"
"多麼","how; what; so; such","偌 (lǒa,liā,lōa)
偌爾仔 (lōa-nî-áⁿ)"
"夜貓子","night owl","暗光鳥 (àm-kong-chiáu)"
"大前年","three years ago","遜前年 (sùn-chûn--nî)
落前年 (loh-chûn--nî)"
"大家","everyone; everybody","逐家儂 
大家 (tāi-ke,tāi-ka,ta-ke)"
"大熊貓","panda; giant panda","熊貓 (hîm-niau)"
"大白菜","napa cabbage","白菜 (pe̍h-chhài)"
"大米","husked uncooked rice","米 (bí)"
"大象","elephant","象 (chhiǔⁿ,siǒng,siōng,chhiūⁿ)	[Note] chhiūⁿ/chhiǔⁿ/chhiōⁿ - vernacular; siōng/sióng/siǒng/chhiāng - literary"
"天","day (24 hours)","日 (li̍t)	[Note] ji̍t - pronounced in some parts of Anxi, Nan'an and Yongchun counties as well"
"天氣","weather","天時 (thiⁿ-sî,thian-sî)
天氣 (thiⁿ-khì)"
"太","too; excessively","傷 (siuⁿ,siong)	[Note] siong/siang - literary; siuⁿ/sioⁿ - vernacular
傷過 (siuⁿ-kè,siuⁿ-kèr)"
"太陽","sun","日頭 (li̍t-thâu)
日 (li̍t)	[Note] ji̍t - pronounced in some parts of Anxi, Nan'an and Yongchun counties as well
日頭公 (li̍t-thâu-kong)"
"太陽穴","temple (on the head)","太陽邊 (thài-iông-pian)"
"夫妻","husband and wife","翁某仔 (ang-bó͘-仔)
翁某 (ang-bó͘)
翁仔某 (ang-仔-bó͘)
翁婆 (ang-pô)
翁姐 (ang-chiá)"
"女人","woman","查某 (cha-bó͘)
查某人 (cha-bó͘-lâng)	[Note] cha̋u-lâng - contraction
女的 (lú--ê)
婦人人 (hǔ-lîn-lâng,hū-lîn-lâng)
諸娘 (chir-niû,chu-niû)
諸娘人 "
"女兒","daughter","查某仔 (cha-bó͘-仔)	[Note] chàu-á/cháu-á - contraction
查某囝 (cha-bó͘-kiáⁿ)	[Note] cha̋u-k(i)áⁿ/chő͘-kiáⁿ - contractions"
"女婿","son-in-law","囝婿 (káⁿ-sài,kiáⁿ-sài)
半子 (poàn-chír,pòaⁿ-chú,poàn-chú)"
"女孩子","girl","查某囝 (cha-bó͘-kiáⁿ)	[Note] cha̋u-k(i)áⁿ/chő͘-kiáⁿ - contractions
查某囡仔 (cha-bó͘-gín-仔,cha-bó͘-kín-仔)	[Note] cha̋(u)-gín-á - contraction"
"奶油","butter","牛油 (gû-iû)"
"奶酪","cheese","奶酪 (ni-lo̍k)
乳酪 (lú-lo̍k)
鹹牛奶 "
"好色","lecherous; fond of women","五枝鬚 (gǒ͘-ki-chhiu,gō͘-ki-chhiu)
臭臊神 (chhàu-chho-sîn)
豬哥神 (tir-ko-sîn,ti-ko-sîn)
𪁎哥 "
"如果","if","若是 (nǎ-sǐ,nā-sī)
若 (ná,ché,jiá,lio̍k,nǎ,nā)	[Note] ná - vernacular (“like; as if”); nā/nǎ - vernacular (“if”); lio̍k/jio̍k/jia̍k - literary
設使 (siat-sú)
若欲是 (nǎ-berh-sǐ,nā-beh-sī)
假若 (ká-nǎ,ká-nā)
假若是 
欲 (beh,io̍k,berh)	[Note] semantic (訓用字)
欲是 (beh-sǐ,beh-sī)"
"妓女","female prostitute","婊生 (piáu#-siⁿ)"
"妹妹","younger sister","小妹 (sió-bē,sió-bēr)
阿妹 (a-mê)"
"妻子","wife","某 (bó͘)
牽手 (khan-chhiú)
牽手的 (khan-chhiú--ê)
查某人 (cha-bó͘-lâng)	[Note] cha̋u-lâng - contraction
厝內 (chhù-lǎi,chhù-lāi)
家內 (ke-lǎi,ke-lāi)
家內人 (ke-lǎi-lâng,ke-lāi-lâng)
家後 (ke-ǎu,ke-āu)
內人 (lōe-lîn)
內助 (lōe-chō͘)
婦人人 (hǔ-lîn-lâng,hū-lîn-lâng)
厝內人 (chhù-lāi-lâng)
柴耙 (chhâ-pê)
老柴杮 (lāu-chhâ-phè)
老柴㷮 (lāu-chhâ-chau)"
"姐姐","elder sister","阿姊 (á-chí,a-chí)
姊 (chí,chír,chú,ché)	[Note] chí, ché/chié - vernacular, also written as {{zh-l|*姐}} (especially for ché); chú/chír - literary
阿姊仔 
姊仔 "
"姑姑","paternal aunt (father's sister)","阿姑 (á-ko͘,a-ko͘)"
"姑父","paternal uncle (husband of father's sister)","姑丈 (ko͘-tiǔⁿ,ko͘-tiūⁿ)"
"姨母","maternal aunt (mother's sister)","阿姨 (a-î)
姨 (î)
姨母 (î-bió,î-bú)
母姨 (bú-î)"
"姪子","fraternal nephew","姪仔 (ti̍t-仔)
孫仔 (sun-仔)"
"娘家","married woman's parents' home","外家 (gōa-ke)
後頭 (ǎu-thâu,āu-thâu)
某後頭 (bó͘-ǎu-thâu,bó͘-āu-thâu)"
"婆婆","husband's mother; mother-in-law","大家 (tāi-ke,tāi-ka,ta-ke)"
"媳婦","daughter-in-law","新婦 (sin-pǔ,sin-pū,sim-pū)	[Note] sim-pū is due to assimilation
囝新婦 (káⁿ-sin-pǔ,kiáⁿ-sin-pū,kiáⁿ-sim-pū)	[Note] kiáⁿ-sim-pū is due to assimilation"
"媽媽","","媽媽 (mâ-mâ)
媽 (má,mâ,ma)
阿母 (a-bú)
母仔 (bú--仔)
阿娘 (a-niû,a-niâ,án-niâ,á-niû,án-niû,á-niâ)
阿母仔 
阿媽 (a-má,a-mâ)"
"媽媽-2","","老母 (lǎu-bú,lāu-bú)
阿娘 (a-niû,a-niâ,án-niâ,á-niû,án-niû,á-niâ)
娘嬭 (niû-né,niû-lé)"
"嬰兒","baby; infant","嬰仔 (iⁿ-仔,eⁿ-仔)"
"嬸母","paternal aunt (wife of father's younger brother)","阿嬸 (a-chím)
嬸 (chím,sím)	[Note] chím - vernacular; sím - literary"
"子","''general diminutive suffix''","仔 (káⁿ,á,chír,kiáⁿ,chú)"
"孔","hole","空 (khòng,khàng,khang,khong)	[Note] khang - vernacular; khong - literary,khòng - literary; khàng - vernacular
空口 (khang-kháu)"
"孫女","granddaughter (son's daughter)","查某孫 (cha-bó͘-sun)
孫女 (sun-lí,sun-lír,sun-lú)"
"孫子","grandson (son's son)","孫 (sun)	[Note] sng/suiⁿ - vernacular (surname); sun - literary (all sense, including surname, except in Zhangzhou)
孫仔 (sun-仔)"
"學校","(modern) school","學堂 (o̍h-tn̂g,ha̍k-tông)	[Note] ha̍k-tông - literary
學校 (ha̍k-hāu)"
"客人","guest; visitor","人客 (lâng-kheh)
客 (kheh,khiak,khek)	[Note] kheh/kheeh - vernacular; khek/khiak - literary"
"客家人","Hakka people","客儂 "
"宰","to slaughter; to butcher","刣 (thâi,chiong)"
"害喜","unwellness during pregnancy","病囝 (pīⁿ-káⁿ,pīⁿ-kiáⁿ)"
"害怕","to fear; to be afraid of","驚 (kiaⁿ,keng,kiⁿ)	[Note] kiaⁿ - vernacular; keⁿ/kiⁿ - vernacular (limited use, e.g. {{zh-l|*驚蟄}}); keng - literary
懾 (liap)
懾屎 (liap-sái)
驚惶 (keng-hông,kiaⁿ-hiâⁿ)"
"家","home","厝 (chhù)
兜 (tau,to͘)	[Note] tau - vernacular; to͘ - literary
厝內 (chhù-lǎi,chhù-lāi)"
"容易","easy","易 (kōe,ī,ia̍h,ia̍k,e̍k)	[Note] e̍k/ia̍k - literary; ia̍h - colloquial (only as a surname or when referring to {{zh-l|*易經}})
快便 (khòe-piān)"
"寡婦","widow","守寡儂 
守寡的 
守寡查某 "
"寶蓋頭","Chinese character component 宀","寶蓋頭 (pó-kài-thâu)
覆模 (phak-bô͘)"
"對","correct","著 (tio̍k,tio̍h,tìr,tù)	[Note] tio̍h - colloquial; to̍h - colloquial (“to burn”); tio̍k/chia̍k - literary"
"對不起","sorry","歹勢 (phái-sè,pháiⁿ-sè)
對不住 (tùi-put-chǔ,tùi-put-chū)"
"小","small","細 (sè,sòe)	[Note] Xiamen, Quanzhou: sòe - vernacular; sè - literary"
"小偷","(petty) thief","賊仔 (chha̍t-仔)
鼠賊 (chhír-chha̍t,chhú-chha̍t)"
"小兒子","youngest son","煞尾囝 (soah-bé-káⁿ,soah-bér-káⁿ,soah-bé-kiáⁿ)
尾仔囝 (bér-仔-káⁿ,bé-仔-kiáⁿ)
尾囝 (bér-káⁿ,bé-kiáⁿ)
尾仔 (bér-仔,bé-仔)
細漢囝 (sòe-hàn-káⁿ,sòe-hàn-kiáⁿ)
了尾囝 (liáu-bé-kiáⁿ)"
"小孩","child; kid","囡仔 (kín-仔,kán-仔,gín-仔)
囡仔人 (kín-仔-lâng,kán-仔-lâng,gín-仔-lâng)
細漢囝 (sòe-hàn-káⁿ,sòe-hàn-kiáⁿ)
細漢囡仔 (sòe-hàn-kán-仔,sòe-hàn-gín-仔,sòe-hàn-kín-仔)"
"小指","little finger","尾指仔 (bér-chúiⁿ-áⁿ,bé-cháiⁿ-仔,bé-chái-仔)
尾仔指 (bé-仔-cháiⁿ,bé-仔-chái)"
"小牛","calf","牛仔 (gû-仔)
牛仔囝 (gû-仔-kiáⁿ)"
"小狗","puppy","狗仔 (káu-仔)
狗仔囝 (káu-仔-kiáⁿ)"
"小米","hulled grain of the foxtail millet","黍仔 (sóe-仔)"
"小舅子","brother-in-law (wife's younger brother)","舅仔 (kǔ-仔,kū-仔)"
"小舌","uvula","嚨喉鐘 (nâ-âu-cheng)
嚨喉鐘仔 (nâ-âu-cheng-仔)
嚨喉奶仔 (nâ-âu-ni-仔)
喉鐘 (âu-cheng)"
"小豬","piglet","豬仔 (tir-仔,ti-仔)
豬仔囝 (ti-仔-kiáⁿ)
豬豚仔 (tir-thûn-仔,ti-thûn-仔)"
"小貓","kitten","貓咪 (niau-bî)"
"小雞","chick; young chicken","雞仔 (koe-仔)
雞豚仔 (koe-thûn-仔)
雞仔囝 (koe-仔-kiáⁿ)
雞桃 (koe-thô)"
"小馬","foal","馬仔 (bé-仔)
馬仔囝 "
"小鴨","duckling","鴨仔 (ah-仔)
鴨咪 (ah-bî)
鴨仔囝 (ah-仔-kiáⁿ)"
"尾巴","tail","尾 (bé,bí,bér)	[Note] bé/bér/bóe - vernacular; bí - literary
尾溜 (bér-liu,bé-liu)"
"屁股","buttocks","尻川 (kha-chhng)"
"岳母","mother-in-law (wife's mother)","丈姆 (tiǔⁿ-ḿ,tiūⁿ-ḿ)
丈姆婆 (tiǔⁿ-ḿ-pô,tiūⁿ-ḿ-pô)"
"岳父","father-in-law (wife's father)","丈儂 (tiǔⁿ-lâng,tiūⁿ-lâng)
丈儂公 ()"
"左手","left hand","倒手 (tò-chhiú)
䆀手 (bái-chhiú)"
"巧克力","chocolate","芝居力 (chiak-ku-la̍h,chi-ku-la̍t)"
"常常","often; frequently","定定 (tiāⁿ-tiāⁿ)
四常 (sì-siông,sìr-siông,sù-siông)
常常 (siông-siông)
長長 (tn̂g-tn̂g)
時常 (sî-siông)
不時 (put-sî)
不期時 (put-kî-sî)"
"帽子","hat","帽仔 (bō-仔)"
"年糕","''nian gao'' (New Year cake)","甜粿 (tiⁿ-ké,tiⁿ-kér)"
"床","bed","眠床 (bîn-chhn̂g,mn̂g-chhn̂g)	[Note] bîn-chhn̂g - common
床 (chhông,chhn̂g,sn̂g)	[Note] chhn̂g - vernacular (“bed”); sn̂g - vernacular (“steamer basket”); chhông - literary"
"廁所","toilet; restroom; bathroom","廁所 (chhè-só͘,chheh-só͘)
屎礐 (sái-ha̍k)
化礐 (hòa-ha̍k)
礐廁 (ha̍k-chhè)"
"廚房","kitchen","灶跤 (chàu-kha)
灶間 (chàu-kuiⁿ,chàu-keng)"
"弟婦","sister-in-law (younger brother's wife)","小嬸 (sió-chím)"
"弟弟","younger brother","小弟 (sió-tǐ,sió-tī)
阿弟 (a-tî)"
"彈簧","spring (mechanical device)","弓仔 (king-仔)"
"彗星","comet","掃帚星 (sàu-chhiú-chhiⁿ)
拖尾星 (thoa-bé-chhiⁿ)
歹星 (pháiⁿ-chhiⁿ)"
"很","very; quite","野 (iá)
真 (chin)
萬代 (bān-tāi)
誠 (sêng,chiâⁿ)	[Note] chiâⁿ - vernacular; sêng - literary
有夠 "
"很多","many; much; a lot","野濟 
真濟 
誠濟 (chiâⁿ-chōe)
有夠濟 "
"律師","lawyer","狀師 (chn̄g-si)
律師 (lu̍t-sir,lu̍t-su)"
"後天","day after tomorrow","後日 (ǎu--li̍t,ǎu-li̍t,āu--li̍t,āu-li̍t)"
"後面","the rear; behind","後面 (ǎu-bīn,āu-bīn)
後壁 (ǎu-piah,āu-piah)
後尾 (ǎu-bér,āu-bé)
後頭 (ǎu-thâu,āu-thâu)
尾仔 (bér-仔,bé-仔)"
"忘記","to forget","袂記得 (bǒe-kì-tit,bōe-kì-tit)
袂記 (bǒe-kì,bōe-kì)"
"快","fast; quick; speedy","緊 (kín)"
"怎樣","how","怎樣 (chàiⁿ-iūⁿ,cháⁿ-iūⁿ,cháiⁿ-iūⁿ)
障仔 (chiùⁿ-仔)
按怎 (àn-chóaⁿ,án-chóaⁿ)"
"怎麼","how","按怎 (àn-chóaⁿ,án-chóaⁿ)
障仔 (chiùⁿ-仔)
怎 (chérm,chài,cháiⁿ,chím,chóaⁿ)	[Note] chóaⁿ/chài/cháiⁿ/chá/chóa/chái - vernacular; chím/chérm - literary
怎影 (cháiⁿ-iáⁿ)"
"懶惰","lazy","貧惰 (pîn-tǒaⁿ,pân-tǒaⁿ,pîn-tōaⁿ)
臭惰 (chhàu-tǒaⁿ,chhàu-tōaⁿ)
荏懶 (lám-nōa)
漚肉 (àu-mah,àu-bah)
臭肉 (chhàu-hia̍k,chhàu-mah,chhàu-bah)
懶屍 (lán-si,nōa-si)
懶賤 (nōa-chōaⁿ)"
"懷孕","to be pregnant","有身 (ǔ-sin,ū-sin)
帶身 (tòa-sin)
大肚胿 (tōa-tó͘-kui)
大腹肚 (tōa-pak-tó͘)
帶膭 (tòa-kūi)"
"懷錶","pocket watch","袋錶 (tēr-pió,tē-pió)"
"我","I","我 (góa,ngó͘)	[Note] góa/óa - vernacular; ngó͘ - literary
阮 (gún,goán,oán,ńg)"
"我們","we","阮 (gún,goán,oán,ńg)"
"戒指","finger ring","手指 (chhiú-chí)"
"房子","house","厝 (chhù)"
"房間","room","房間 (pâng-keng,pâng-kuiⁿ)
房 (pâng,hông,pông,phông)	[Note] pâng - vernacular (including surname in Taiwanese); pông - literary (including surname in Xiamen, Quanzhou and Zhangzhou); hông, phông - literary
厝間 (chhù-kuiⁿ,chhù-keng)"
"扁平足","flatfoot","鴨母蹄 (ah-bú-tôe)
鴨蹄 (ah-tôe)
鴨跤爬 (ah-kha-pê)"
"扇子","fan","扇 (sìⁿ,siàn)	[Note] sìⁿ - vernacular; siàn - literary"
"手套","glove; mitten","手束 (chhiú-sok)
手囊 (chhiú-lông)"
"手指","finger","掌頭仔 (chńg-thâu-仔)
手爪 (chhiú-liáu,chhiú-niáu)"
"手掌","palm","手耙 (chhiú-pê)
五掌 (gǒ͘-cháng)
手心 (chhiú-sim)
手盤 (chhiú-pôaⁿ)"
"手錶","wristwatch","錶仔 (pió-仔)
錶 (pió)
手錶 (chhiú-pio,chhiú-pió)"
"手鐲","bangle","手圈 (chhiú-khoan)
手環 (chhiú-khoân)"
"手電筒","flashlight; torch","手電 (chhiú-tiān)"
"打","to hit, to strike","拍 (phah,phiak,phek)	[Note] phah - vernacular; phek/phiak - literary"
"打呵欠","to yawn","哈唏 (há-hi,hà-hi)"
"打噴嚏","to sneeze","拍咳啾 (phah-á-chhiùⁿ,phah-kha-chhiùⁿ,phah-ha-chhiùⁿ)
哈啾 "
"打架","to fight; to scuffle","相拍 (saⁿ-phah,sa-phah,sio-phah)"
"打火機","lighter","拍火機 "
"打車","to get a taxi","拍的 (phah-tiak,phah-tek)"
"打針","to inject","拍針 (phah-cham,phah-chiam)
針藥 (chhiam-io̍h,chiam-io̍h)"
"打閃","to have lightning","䟙掣 (chhih-chhoah)
䟙光 (chhih-kng)
爍爁 (sihⁿ-nà)"
"打電話","to make a telephone call","敲電話 (khà-tiān-ōe)
拍電話 (phah-tiān-ōe)"
"打鼾","to snore","鼾 (hôaⁿ,han,hôⁿ)	[Note] hôaⁿ/hoaⁿ - vernacular; hôⁿ/kôⁿ - also written as {{zh-l|*齁}}; han - literary
起鼾 (khí-hôaⁿ)
齁 (ho,hoⁿ)"
"找","to look for, to seek, to search for","揣 (chhē,chhóe,chhēr)"
"把","","將 (chiòng,chiong)
共 (kāng,kiōng,kā)	[Note] kāng, kā - vernacular; kiōng - literary"
"把脈","to take someone's pulse","摸脈 (bong-be̍h,bong-me̍h)
候脈 (hāu-be̍h,hāu-me̍h)
𥌚脈 (bāi-be̍h,bāi-me̍h)"
"抽屜","drawer","屜 (thè,thoah)	[Note] thè - literary; thoah - vernacular
屜桌 (thoah-toh)
桌屜 (toh-thoah)
屜櫃 (thoah-kùi)
屜抽 (thoah-thiu)"
"拇指","thumb","部頭拇 (pō͘-thâu-bú)
掌頭拇 
大頭拇 (tōa-thâu-bú)
大部拇 (tōa-pō͘-bú)"
"拉屎","to defecate","放屎 (pàng-sái)
大便 (tāi-piān)
出恭 (chhut-kiong)"
"拍馬屁","to brownnose; to suck up","扶𡳞脬 (phô͘-lǎn-pha,phô͘-lān-pha)
扶 (phô͘,hû)	[Note] hû - literary; phô͘ - vernacular
三跤 (saⁿ-kha)"
"拔河","to play tug of war","拔索 (poe̍h-soh,pu̍ih-soh)"
"拖鞋","slippers","淺拖 (chhián-thoa)
鞋拖 (ôe-thoa)"
"拳頭","fist","拳頭母 (kûn-thâu-bú)
拳頭 (kûn-thâu)"
"拿","to take","提 (thoe̍h,thê,ti,the,the̍h)"
"指甲","fingernail","掌甲 (chńg-kah)
手爪 (chhiú-liáu,chhiú-niáu)"
"指甲剪","nail clipper","掌甲刀 (chńg-kah-to)"
"捉迷藏","(to play) hide-and-seek or blind man's buff","掩呼雞 (ng-kho͘-koe)
覕揣 (bih-chhēr)
覕相揣 (bih-sio-chhē)
覕咯雞 (bih-ko̍k-koe)
掩青盲公 
奕救國 (ī-kiù-kok)"
"插隊","to cut in line; to jump the queue","僭隊 
僭擺 
篡擺 "
"搔","to scratch (an itch)","扒 "
"摟","to hug; to embrace","攬 (lám)"
"摩托車","motorcycle","摩托車 (mô͘-thok-chhia)
摩托 (m̂-to̍k,mô͘-to̍k)
摩托駛甲 (m̂-to̍k-sài-kà,mô͘-to̍k-sái-kah)
噗噗車 (pho̍k-pho̍k-chhia)"
"撒尿","to urinate","放尿 (pàng-liō)
小便 (siáu-piān)
濺尿 (chǒaⁿ-liō,chōaⁿ-liō)"
"撕","to tear","剺 (lì)"
"撲克牌","playing card","撲克 (phok-khiak,phok-khek)"
"教室","classroom","課室 (khò-siak,khò-sek)
教室 (kàu-siak,kàu-sek)
課堂 (khò-tn̂g,khò͘-tn̂g)"
"斬首","to behead","刣頭 (thâi-thâu)
斬頭 (chám-thâu)"
"新娘","bride","新娘 (sin-niû)
新儂 (sin-lâng)
新娘官 (sin-niû-koaⁿ)"
"新郎","bridegroom","新儂官 (sin-lâng-koaⁿ)
新儂 (sin-lâng)
囝婿 (káⁿ-sài,kiáⁿ-sài)
囝婿官 (kiáⁿ-sài-koaⁿ)
新官 "
"方便麵","instant noodles","泡麵 (phàu-mī)"
"旁邊","side","邊頭 (pîⁿ--thâu)
邊仔 (piⁿ-仔)"
"日暈","solar halo","日戴笠 (li̍t-tì-loe̍h)
日拍箍 (li̍t-phah-kho͘)
日圍箍 (li̍t-ûi-kho͘)"
"日食","solar eclipse","日熄 (li̍t-sit)
熄日 (sit-li̍t)"
"早安","good morning","好早起 
𠢕早 (gâu-chá)"
"早晨","early morning","早起 (chá-khí,chái-khí,chái-í)"
"早餐","breakfast","早起 (chá-khí,chái-khí,chái-í)
早餐 (chá-chhan)
早頓 (chá-tǹg)
早起頓 (chá-khí-tǹg)"
"明天","tomorrow","明仔日 (bîn-仔-li̍t,mîn-仔-li̍t,miâ-li̍t,bêng-仔-li̍t)	[Note] miâ-li̍t - contraction
明仔 (bîn-â,mîn-â)
明仔載 (miâ-chài,bîn-仔-chài,bêng-仔-chài)	[Note] miâ-chài, ma̋-chài - contraction"
"明年","next year","明年 (bêng-liân,bîn-nî,môa-nî,mê-nî)
新年 (sin-nî)
正年 "
"星星","star","星 (san,seng,chhiⁿ)	[Note] chhiⁿ/chheⁿ - vernacular; san - vernacular (limited, e.g. {{l|zh|零星}}); seng - literary"
"星期日","Sunday","拜日 (pài-li̍t)
禮拜日 (lé-pài-li̍t)
禮拜 (lé-pài)"
"昨天","yesterday","昨日 (chǎ-li̍t,cho̍h--li̍t,cha-li̍t)
昨昏 (cha-hng)	[Note] cha̋ng - contraction"
"晚上","late evening; night","暗暝 (àm-mî)
暗時 (àm-sî)
暗頭 (àm-thâu)
暗頭仔 (àm-thâu-仔)
下昏 (e-hng)	[Note] e̋ng - contraction
暗頭時 (àm-thâu-sî)"
"晚飯","dinner (evening meal)","暗頓 (àm-tǹg)
下昏頓 (e-hng-tǹg)
暗暝頓 (àm-mî-tǹg)"
"普通話","Modern Standard Chinese; ''[[Putonghua]]''","普通話 (phó͘-thong-ōe)
華語 (hôa-gí,hôa-gír,hôa-gú)
國語 (kok-gí,kok-gír,kok-gú)"
"曾孫","great-grandson; great-grandchild","橄欖孫 (ka-núi-sun,káⁿ-ná-sun)"
"曾祖母","great-grandmother (paternal grandfather's mother)","太媽 (thài-má)
阿太 (á-thài)
祖媽 (chó͘-má)
阿祖 
俺祖 (an-chó͘,án-chó͘)"
"曾祖父","great-grandfather (paternal grandfather's father)","太公 (thài-kong)
阿祖 
俺祖 (an-chó͘,án-chó͘)"
"最","most","第一 (tē-it)
第 (tē)
上 (siōng,chiǔⁿ,chhiǔⁿ,chiūⁿ,sióng,siāng,chhiūⁿ)	[Note] chiūⁿ/chiōⁿ/chiǔⁿ - “to go up” (major reading); chhiūⁿ/chhiōⁿ/chhiǔⁿ - only in “to pull up; to grow; to pile up”,Xiamen siāng - only used for “most”
一 (it,chi̍t)	[Note] chi̍t - colloquial; it - literary"
"會","to know how to; to be able to","會 (hōe,kòe,ě,hēr,ōe,hē,ē)	[Note] substitute character for {{zh-l|*解}}, which may be related to {{zh-l|*會}},Xiamen: hōe - literary; hē - vernacular (limited, e.g. {{zh-l|*分會}}, {{zh-l|*會仔}}, {{zh-l|*會頭}})
Quanzhou: hōe - literary; hēr - vernacular (limited, e.g. {{zh-l|*分會}})
會曉 (ě-hiáu,ē-hiáu,ē-hiáng)"
"月亮","moon","月娘 (ge̍h-niû,ge̍rh-niû)
月 (ge̍h,goa̍t,ge̍rh)	[Note] ge̍h/ge̍rh/goe̍h/gōe/gēr - vernacular; goa̍t - literary"
"月食","lunar eclipse","月熄 (ge̍rh-sit,ge̍h-sit)"
"有空","to have time; to be free","有閒 "
"木瓜","papaya","木瓜 (bo̍k-koa)
萬壽匏 (bān-siū-pû)
番匏 (hoan-pû)
奶匏 (ni-pû)"
"木薯","cassava","樹薯 (chhiū-chîr,chhiū-chû)"
"朵","(classifier for flowers)","蕊 (lúi)
葩 (pha)"
"杯珓","moon blocks","杯 (poe)
信杯 (sìn-poe)"
"東西","thing, object","物件 (mn̍gh-kiǎⁿ,mi̍h-kiāⁿ)
物 (bu̍t,mn̍gh,mih,mi̍h)	[Note] mi̍h/mn̍gh - vernacular (“thing”); mih - vernacular (limited, used in {{zh-l|*物仔}}, {{zh-l|*物代}}, {{zh-l|*啥物}}, etc.); bu̍t - literary"
"松鼠","squirrel","膨鼠 (phòng-chhú)
松鼠 (siông-chhú,chêng-chhú)"
"柚子","pomelo","柚 (iū)
枹 ()
柚仔 (iū-仔)"
"桃子","peach","桃仔 (thô-仔)
桃 (thô,tô,thô͘)	[Note] thô/thô͘ - literary; tô - vernacular (limited, e.g. {{zh-l|*楊桃}})"
"桌子","table","桌 (toh,tok)	[Note] toh - vernacular; tok - literary
桌仔 (toh-仔)"
"梭子蟹","swimming crab","蠘仔 (chhi̍h-仔)
蠘 (chhi̍h)"
"梯子","ladder","梯 (thui,the)	[Note] thui - vernacular; the - literary
樓梯 (lâu-thui)"
"棵","(classifier for plants)","叢 (châng,chông)	[Note] chông - literary; châng - vernacular"
"槍斃","to execute by firing squad","拍銃 (phah-chhèng)
決 (koat)
銃斃 
銃決 "
"橡皮擦","eraser; rubber","樹奶拭 
樹奶擦 (chhiūⁿ-ni-chhat)"
"橡皮筋","rubber band; elastic band","樹奶環 (chhiǔⁿ-lin-khoân,chhiūⁿ-ni-khoân)
樹奶條 (chhiūⁿ-ni-tiâu)
樹奶箍仔 (chhiūⁿ-ni-kho͘-仔)"
"檯球","billiards","撞球 (tōng-kiû)"
"正在","in the process of; currently","佇咧 (tǐ-lé,tǐr-lér,tī-le̍h)
咧 (lé,lia̍t,lér,le̍h,--leh)
當咧 (tng-lér,tng-le̍h)
拄咧 (tú-lér,tú-le̍h)
拄佇咧 (tú-tǐr-lér,tú-tī-le̍h)"
"殺","to kill (a person)","刣 (thâi,chiong)"
"母牛","(female) cow","牛母 (gû-bú)"
"母狗","female dog","狗母 (káu-bú)"
"母雞","hen","雞母 (koe-bú)
草雞 (chhó-koe,chháu-koe)"
"毛筆","calligraphy brush; inkbrush","毛筆 (mô͘-pit)
水筆 (chúi-pit)"
"氣味","smell; odour","味 (bī)
味素 (bī-sò͘)"
"水果","fruit","果子 (ké-chí,kér-chí)"
"水泥","cement","烏灰 (o͘-her,o͘-he)
番仔灰 (hoan-仔-her,hoan-仔-he)
紅毛灰 (âng-mô͘-her,âng-mô͘-he)
霸灰 (pà-her,pà-he)
紅毛塗 (âng-mô͘-thô͘)"
"水蛭","leech","蜈蜞 (gô͘-khî)"
"汽水","(carbonated) soft drink","汽水 (khì-chúi)
荷蘭西水 (hô-lân-se-chúi)"
"汽油","petrol; gasoline","電油 (tiān-iû)
番仔油 (hoan-仔-iû)
番油 (hoan-iû)"
"汽車","car, motor vehicle","風車 (hoang-chhia,hong-chhia)
汽車 (khì-chhia)
大車 (tōa-chhia)
電車 (tiān-chhia)"
"沒有","to not have (+ noun)","無 (bô,bû)	[Note] bô - colloquial; bû - literary"
"沙發","sofa; couch","沙發椅 (sa-hoat-í)
膨椅 (phòng-í)"
"油條","youtiao; Chinese cruller","油炸鬼 (iû-cha̍h-kúi)
油炸粿 (iû-chā-ké,iû-chiā-ké)"
"洋蔥","onion","北蔥 (pak-chhang)"
"洗澡","to take a shower or bath","灇肉 (châng-hia̍k)
洗身軀 (sóe-sin-khu,sóe-seng-khu)
洗身 (sóe-sin)
洗浴 (sóe-ia̍k,sóe-e̍k)
灇浴 (châng-e̍k,chiâng-e̍k)"
"洗臉","to wash one's face","洗面 (sóe-bīn)"
"流星","meteor; shooting star","疶屎星 (chhoah-sái-chhiⁿ)
落屎星 (làu-sái-chhiⁿ)
飛星 (pe-chhiⁿ)"
"浪費","to waste; to squander","拍損 (phah-sńg)"
"海豚","dolphin","白鰗 (pe̍h-kô͘)
海豬 (hái-ti)
媽祖婆魚 (má-chó͘-pô-hî)
媽祖魚 (má-chó͘-hî)
鎮港魚 (tìn-káng-hî)"
"消防車","fire truck; fire engine","水龍車 (chúi-lêng-chhia)"
"港幣","Hong Kong dollar","港幣 (káng-pē,káng-pè)
港紙 (káng-chóa)"
"渴","thirsty","喙焦 (chhùi-ta)
喙渴 (chhùi-khoah)"
"游泳","to swim","泅水 (siû-chúi)
游泳 (iû-éng)"
"湯圓","glutinous rice balls","圓仔 (îⁿ-仔)
米圓 (bí-îⁿ)"
"漂亮","good-looking; beautiful","媠 (súi)
好看 (hó-khòaⁿ)
緣投 (iân-tâu)
㜅 ()"
"濕","wet","澹 (tâm,tǎm,tām)
濕 (sip)"
"濕乎乎","(''expressive'') wet, moist","澹漉漉 (tâm-lok-lok)
澹喌喌 (tâm-chiuh-chiuh)
澹醬醬 (tâm-chiùⁿ-chiùⁿ)"
"火柴","match","火擦 (hé-chhat,hér-chhat)
番仔火 (hoan-仔-hér,hoan-仔-hé)
火拭 (hé-chhit)"
"灶神","kitchen god","灶君公 (chàu-kun-kong)"
"為什麼","why","敢哪 
為啥物 ()
為甚物 (ūi-sím-mi̍h,ūi-sīm-mi̍h)
按怎 (àn-chóaⁿ,án-chóaⁿ)
物代 (mih-tāi)
敢咧 "
"烏龜","tortoise; turtle","烏龜 (o͘-kui,o͘-ku)	[Note] o͘-ku - vernacular (“turtle; someone in last place”); o͘-kui - literary (sex-related senses and “incompetent person”)
龜 (ku,kui,kun)	[Note] ku - vernacular; kui - literary"
"無名指","ring finger","尾二指 (bér-lī-chúiⁿ,bé-lī-chái)
佬仔指 (láu-仔-chúiⁿ)
䆀指 (bái-cháiⁿ,bái-chái)"
"煙灰","cigarette ash","薰屎 (hun-sái)"
"照片","photograph","像 (chhiǔⁿ,siǒng,siōng,chhiūⁿ)	[Note] chhiūⁿ/chhiǔⁿ/chhiōⁿ - vernacular; siōng/siǒng/siāng - literary
像片 (siǒng-phìⁿ,siǒng-phiàn,siōng-phìⁿ)
相 (siòng,siùⁿ,saⁿ,siong,sa,sio,siuⁿ)	[Note] siòng/siàng - literary; siùⁿ/siòⁿ/siàuⁿ - vernacular,siong/siang - literary; saⁿ/sio/sa - vernacular; siuⁿ/sioⁿ - vernacular (limited, e.g. {{zh-l|*相思}})
小影 (siáu-éng)"
"照相","to take a picture","翕像 (hip-siǒng,hip-siōng)
欱像 (hap-siǒng)"
"燙髮","to perm","電頭毛 (tiān-thâu-mn̂g)
電頭鬃 (tiān-thâu-chang)"
"父子","father and son(s); father and child(ren)","爸仔囝 (pě-仔-káⁿ,pē-仔-kiáⁿ)
爸囝 (pě-káⁿ,pē-kiáⁿ)"
"父母","father and mother; parents","爸母 (pě-bú,pē-bú)
老爸母 (lǎu-pě-bú,lāu-pē-bú)"
"爸爸","dad (''face-to-face'')","爸爸 (pâ-pâ,pā-pā,pā-pâ)
爸 (pā,pâ,pě,pǎ,pē)	[Note] Xiamen, Zhangzhou, Taiwan: pē/pēe - vernacular (also written as {{zh-l|*父}}); pâ/pa - vernacular; pā - literary
Quanzhou: pě - vernacular (also written as {{zh-l|*父}}); pâ, pā - vernacular; pǎ - literary
阿爸 ()
阿叔 (á-chiak,a-chiak,a-chek)"
"爸爸-2","father (''non-face-to-face'')","老爸 (lǎu-pě,lāu-pē)
娘爸 (niû-pē)"
"牙刷","toothbrush","齒抿 (khí-bín)
齒刷 (khí-soa)"
"牙膏","toothpaste","齒膏 (khí-ko)"
"牙齒","tooth","喙齒 (chhùi-khí)
齒 (khí,chhí)	[Note] khí - vernacular; chhí - literary"
"牙齦","gum; gingiva","齒仁 (khí-lîn)
齒岸 (khí-hōaⁿ)"
"牡蠣","oyster","蚵仔 (ô-仔)
蚵 (ô)"
"牽牛花","morning glory (''Ipomoea nil'')","咹咹花 (aⁿ-aⁿ-hoe)
鼓吹花 (kó͘-chhe-hoe)"
"狐狸","fox","狐狸 (hô͘-lî)
狸貓 (lî-bâ,lî-mau)"
"猴子","monkey","猴 (kâu,hiô,hô͘)	[Note] hiô/hô͘ - literary; kâu - vernacular
猴仔 (kâu-仔)"
"獅子","lion","獅 (sai,sir,su)	[Note] su/sir - literary; sai - vernacular
獅仔 (sai-仔)"
"玩","to play; to play with","𨑨迌 (thit-thô,chhit-thô)
𨑨 (thit,chhit)
奕 (ǐ,ia̍k,ī,e̍k)
耍_2 "
"玩具","toy","𨑨迌物 (thit-thô-mn̍gh,chhit-thô-mi̍h)"
"現在","now","這陣 (chit-chūn)	[Note] chín/chún - contraction
這站仔 (chit-chǎm-仔,chit-chām-仔)
這站 (chit-chǎm,chit-chām)
這幫 (chit-pang)
現主時 (hiān-chú-sî,hiān-tú-sî)
現時 (hiān-sî)
今 (kim,kin,taⁿ)	[Note] kin - colloquial; kim - literary; taⁿ - semantic (also written as {{zh-l|旦}} or {{zh-l|當}})
現當今 (hiān-tong-kim)
際 (chè)
這滿 (chit-móa)
這輒仔 (chit-tia̍p-仔)
這輒 (chit-tia̍p)"
"瓶","classifier for bottles","矸 (kan)"
"瓶子","bottle","矸仔 (kan-仔)
瓶仔 "
"生病","to fall ill; to be ill","破病 (phòa-pīⁿ)
著病 (tio̍h-pīⁿ)
致病 (tì-pīⁿ)
無爽 
無好勢 "
"番石榴","guava","林仔菝 (nâ-仔-pu̍t)"
"番茄","tomato","柑仔得 (kam-仔-tit)
臭柿仔 (chhàu-khǐ-仔,chhàu-khī-仔)"
"番荔枝","sugar apple","番仔荔枝 (hoan-仔-nāi-chi)
釋迦 (sek-ka)"
"當鋪","pawnshop","當店 (tǹg-tiàm)"
"瘦肉","lean meat (usually pork)","精肉 (chiaⁿ-mah,chiaⁿ-hia̍k,chiaⁿ-bah)
赤肉 (chhiah-mah,chhiah-bah)"
"瘧疾","(to contract) malaria","寒熱 (kôaⁿ-loa̍h,kôaⁿ-lia̍t)
著寒熱 (tio̍h-kôaⁿ-lia̍t)
寒熱仔 (kôaⁿ-lia̍t-仔)
拍寒熱 (phah-kôaⁿ-lia̍t)"
"癲癇","epilepsy","羊眩 (iûⁿ-hîn)"
"發燒","to have a fever","發燒 (hoat-sio)
燒燒 
燒熱 (sio-lia̍t,sio-loa̍h)
發熱 (hoat-lia̍t)"
"發霉","to become mouldy","臭殕 (chhàu-phú)
生殕 
上殕 
生菇 "
"白天","daytime","日時 (li̍t--sî)
日頭 (li̍t-thâu)
白日 (pe̍h-li̍t,pia̍k-li̍t,pe̍k-li̍t)"
"的","''possessive particle''","个 ()"
"相機","camera","像機 (siǒng-ki,siōng-ki)"
"眉毛","eyebrow","目眉 (ba̍k-bâi)
目眉毛 (ba̍k-bâi-mn̂g)
目睭毛 (ba̍k-chiu-mn̂g)"
"眼屎","substance in eyes after waking","目屎 (ba̍k-sái)
目屎膏 (ba̍k-sái-ko)"
"眼淚","tears","目屎 (ba̍k-sái)
目滓 (ba̍k-chái)"
"眼珠","eyeball","目睭仁 (ba̍k-chiu-lîn)
目仁 (ba̍k-lîn)"
"眼皮","eyelid","目睭皮 (ba̍k-chiu-phêr,ba̍k-chiu-phê)
目蚶 (ba̍k-ham)"
"眼睛","eye","目睭 (ba̍k-chiu)
目 (ba̍k,bo̍k)	[Note] ba̍k - colloquial; bo̍k - literary"
"眼鏡","eyeglasses","目鏡 (ba̍k-kiàⁿ)"
"眼鏡蛇","cobra","飯匙銃 (pn̄g-sî-chhèng)
目鏡蛇 (ba̍k-kiàⁿ-chôa)"
"睡覺","to sleep","睏 (khùn)"
"睪丸","testicle","𡳞核 (lǎn-hu̍t,lān-hu̍t)
腎子 (siǎn-chí,siān-chí)"
"睫毛","eyelash","目睫毛 (ba̍k-chiah-mn̂g)
目毛 (ba̍k-mn̂g)
目睭毛 (ba̍k-chiu-mn̂g)"
"知道","to know (something)","知 (chai,tì,ti)	[Note] chai - colloquial; ti - literary
知影 (chai-iáⁿ)
知頭 (chai-thâu)
知機 (chai-ki)"
"磁石","magnet","吸鐵 (khip-thih)
吸石 (khip-chio̍h)"
"祖母","paternal grandmother","阿媽 (a-má,a-mâ)
俺媽 
內媽 (lǎi-má,lāi-má)
媽仔 "
"祖父","paternal grandfather","內公 (lǎi-kong,lāi-kong)
俺公 
阿公 (a-kong)"
"私房錢","secret stash of money","私奇錢 (sai-kha-chîⁿ,su-khia-chîⁿ)
私奇 (sai-kha,su-khia)"
"私生子","illegitimate child","偷生的 (thau-siⁿ--ê)
契兄囝 (khòe-hiaⁿ-káⁿ,khòe-hiaⁿ-kiáⁿ)"
"稠","thick; viscous","洘 (khó)"
"稻子","rice (plant)","粙 (tiǔ,tiū)
粙仔 (tiū-仔)"
"稻穀","paddy; unhulled rice","粟 (siok,chhiak,chhek)	[Note] siok - literary; chhiak/chhek - vernacular
粟仔 (chhiak-仔,chhek-仔)"
"穀子","foxtail millet (plant or unhulled grain)","黍仔 (sóe-仔)"
"空心菜","water spinach","蕹菜 (èng-chhài)"
"穿山甲","pangolin","鯪鯉 (lâ-lí,lâ-lî)
步山虎 (pō͘-soaⁿ-hó͘)"
"突然","suddenly","突然 (tu̍t-liân)
忽然 (hut-liân)
無張無持 
無張持 (bô-tiuⁿ-tî)
暴其然 (pō-kî-liân)"
"窗戶","window","窗仔 (thang-仔)"
"站","to stand","徛 (khiǎ,kì,khǎ,khiā)"
"童養媳","child bride","新婦仔 (sin-pǔ-仔,sin-pū-仔,sim-pū-仔)"
"端午節","Dragon Boat Festival","五月節 (Gǒ͘-ge̍rh-choeh,Gō͘-ge̍h-choeh)"
"筷子","chopsticks","箸 (tī,tīr)
箸奇 (tīr-kha,tī-khia)
箸雙 (tī-siang)
奇箸 (kha-tī,khia-tī)"
"算盤珠","abacus bead","算盤子 (sǹg-pôaⁿ-chí)"
"簸箕","dustpan","糞斗 (pùn-táu)"
"米飯","cooked rice","飯 (hoān,pn̄g)	[Note] pn̄g/pňg/pūiⁿ - colloquial; hoān - literary"
"粉絲","cellophane noodles","冬粉 (tang-hún)"
"粥","congee","糜 (bî,bêr,bê)	[Note] all are vernacular readings,literary reading
飲糜 (ám-bê,ám-bêr)"
"粽子","zongzi (sticky rice dumpling)","粽 (chàng)"
"精液","semen","潲 (siâu,sàu,sáu)"
"糖果","candy; sweets","糖仔 (thn̂g-仔)"
"糯米","glutinous rice","秫米 (chu̍t-bí)"
"紙幣","banknote; bill","紙字 (chóa-lī)
銀紙 (gûn-chóa)
銀票 (gûn-phiò)"
"紡織娘","katydid (''Mecopoda elongata'')","草雞 (chhó-koe,chháu-koe)"
"累","tired","𤺪 (siǎn,siān)
厭 (ià,iàm)	[Note] ià - veranacular (俗)"
"結賬","to pay a bill; to settle accounts","結數 (kiat-siàu)"
"絞絲旁","Chinese character component 糹/纟","絲字爿 (si-lī-pûiⁿ,si-lī-pêng)"
"縫紉機","sewing machine","針車 (cham-chhia,chiam-chhia)
車仔 (chhia-仔)
馬擎 (má-kìn,má-kín)
馬擎仔 (má-kìn-仔,má-kín-仔)
手車 (chhiú-chhia)"
"繩子","string; rope; cord","索仔 (soh-仔)
索 (soh,sok,sak,Sak,Sek)	[Note] soh/sak - vernacular; sok/sek - literary,soh - vernacular; sok/sek - literary"
"繼母","stepmother","後母 (ǎu-bú,āu-bú)"
"繼父","stepfather","後爸 (ǎu-pě,āu-pē)
後叔 (āu-chek)"
"罰站","to punish someone by having them stand","罰徛 (hoa̍t-khiǎ,hoa̍t-khiā)"
"翅膀","wing (of a bird or insect)","翼 (si̍t,ia̍k,e̍k)	[Note] si̍t - vernacular; e̍k/ia̍k - literary
翼股 (sit-kó͘)
翼仔 (sit-仔)"
"翻跟頭","to somersault","拋輾斗 (pha-lin-táu,pha-lìn-táu)
拋捙輾 (pha-chhia-lin)
反狗仔 (púiⁿ-káu-仔,péng-káu-仔)
拋捙輾斗 (pha-chhia-lìn-táu)
捙拋輾斗 
反輾狗仔 (péng-lìn-káu-仔)"
"老師","teacher","先生 (sian-siⁿ)	[Note] When following a surname, it is read in the neutral tone
老師 (nó͘-sir,lǎu-sir,ló-su)
先生人 (sian-siⁿ-lâng)"
"老虎","tiger","虎 (hó͘)"
"老闆","boss; proprietor","頭家 (thâu-ke)"
"老闆娘","proprietress","頭家娘 (thâu-ke-niû)"
"老鷹","eagle; hawk","覓鶚 (lǎ-hio̍h,lāi-hio̍h,bā-hio̍h)"
"老鼠","mouse; rat","老鼠 (ló͘-chhí,ló͘-chhír,niáu-chhú)
鼠 (sír,chhír,sú,chhú)	[Note] chhí/chhír/chhú - vernacular; sú/sír/sí - literary; chhú - literary (Taiwan)
鳥鼠 (niáu-chhú)"
"耳垂","earlobe","耳珠 (hǐ-chu,hī-chu)
耳墜 (hǐ-thūi,hī-thūi)"
"耳垢","earwax","耳屎 (hǐ-sái,hī-sái)"
"耳朵","ear","耳仔 (hǐ-仔,hī-仔)
耳空 (hǐ-khang,hī-khang)"
"聖誕節","Christmas","聖誕 (sèng-tàn,sèng-tān)
聖誕節 (Sèng-tàn-choeh,Sèng-tàn-chiat)
救主誕 (Kiù-chú-tàn)
救主聖誕 (Kiù-chú-sèng-tàn)"
"聞","to smell","鼻 (phī,phīⁿ,pi̍t)	[Note] phīⁿ/phī/phǐ - vernacular; pi̍t - literary"
"聰明","clever; intelligent; smart; bright","聰明 (chhang-miâ,chhong-bêng)
骨鳥 (kut-chiáu)"
"聲音","voice; sound","聲 (siaⁿ,seng)	[Note] seng - literary; siaⁿ - vernacular
聲說 "
"聽說","to hear it said that","聽說 (thiaⁿ-seh,thiaⁿ-serh)
聽講 (thiaⁿ-káng,thiaⁿ-kóng)
據講 (kù-kóng)"
"肋骨","rib","胸坎骨 (heng-khám-kut)
𩩍枝骨 (phiaⁿ-ki-kut)
排骨 (pâi-kut)"
"肚子","belly","腹肚 (pak-tó͘)"
"肚臍","navel; belly button","腹臍 (pak-châi)
肚臍空 (tō͘-châi-khang)"
"肛門","anus","尻川頭 (kha-chhng-thâu)
尻川口 (kha-chhng-kháu)
糞口 (pùn-kháu)
尾口 (bér-kháu,bé-kháu)
尻川斗 (kha-chhng-táu)"
"肥皂","soap","雪文 (sap-bûn,soat-bûn,sat-bûn)
胰 (î)
油胰 (iû-i)"
"肩膀","shoulder(s)","肩頭 (kuiⁿ-thâu,keng-thâu)
肩胛頭 (kuiⁿ-kah-thâu,keng-kah-thâu)"
"背","back (of the body)","巴脊 (pa-chiah)
胛脊 (ka-chiah)
胛脊𩩍 (ka-chiah-phiaⁿ)"
"背負","to carry on the back","背 (pōe,pēr,pē)	[Note] pōe - literary; pēr/pē - vernacular
揹 (phāiⁿ)
偝 (āinn-->,iāng<!--,pōe)"
"胖","fat (''a.'')","肥 (pûi,hûi)	[Note] pûi - vernacular; hûi - literary"
"胖乎乎","(''expressive'') plump; chubby; fat","肥朒朒 
胖獅獅 "
"胡蘿蔔","carrot","蘿蔔 (lâ-pa̍k,lô-pok,lô-po̍k,lâ-ta̍k)
蘿蔔菜 
紅蘿蔔 (âng-lâ-pa̍k,âng-lâ-ta̍k)
紅菜頭 (âng-chhài-thâu)"
"胳肢窩","armpit; underarm","胳下空 (koh-ě-lang,koh-ě-khang,koh-ē-khang)
胳耳空 (koh-hī-khang)"
"胳膊","arm","手骨 (chhiú-kut)
手肚 ()
手管 (chhiú-kóng)"
"胳膊肘","elbow","手後捅 (chhiú-ǎu-thóng)
手後臼 (chhiú-āu-khū)
手後蹬 (chhiú-āu-tiⁿ)
手後曲 (chhiú-āu-khiau)
手曲 (chhiú-khiau)"
"胸罩","bra; brassiere","胸套 (heng-thò)
奶套 (ni-thò)
奶帕 (ni-phè)"
"脖子","neck","頷胿 (ǎm-kui,ām-kui)
頷頸 (ām-kún)
脰項 "
"腎","kidney","腰子 (io-chí)"
"腳","foot","跤 (kha,khia)"
"腹瀉","to have diarrhea","落屎 (làu-sái)
落腹 (làu-pak)
落瀉 (làu-sià)
瀉腹 (sià-pak)
走腹 "
"膀胱","urinary bladder","小肚 (sió-tǒ͘,sió-tō͘)
小肚仔 (sió-tǒ͘-仔)
尿脬 (liō-pha)"
"膝蓋","knee","跤頭趺 (kha-thâu-hu,kha-thâu-u)"
"臉","face","面 (biān,bīn)	[Note] bīn - vernacular; biān - literary"
"臥室","bedroom","睏房 (khùn-pâng)"
"自己","oneself","家己 (kāi-kī,ka-kī)"
"自殺","to commit suicide","行短路 (kiâⁿ-tér-lō͘,kiâⁿ-té-lō͘)
揣短路 (chhēr-tér-lō͘,chhē-té-lō͘)"
"自由泳","freestyle; front crawl","掠泅 (lia̍h-siû)
自由式 (chīr-iû-siak,chū-iû-sek)
掠篙泅 (lia̍h-ko-siû)"
"自行車","bicycle","跤踏車 (kha-ta̍h-chhia)
車仔 (chhia-仔)
鐵馬 (thih-bé)
孔明車 (khóng-bêng-chhia)"
"臭蟲","bedbug","木蝨 (ba̍t-sat,ba̍k-sat)"
"舅母","maternal aunt (wife of mother's brother)","阿妗 (a-kǐm,a-kīm)
母妗 (bú-kīm)"
"舅父","maternal uncle (mother's brother)","阿舅 (a-kǔ,a-kū)
母舅 (bú-kǔ,bú-kū)"
"舌頭","tongue","舌仔 (chi̍h-仔)"
"舞獅","to perform lion dance","弄獅 (lāng-sai)"
"芋頭","taro","芋 (ō͘,ū)	[Note] ō͘/ǒ͘ - vernacular; ū/ī - literary"
"芒果","mango","檨仔 (soān-仔,soāiⁿ-仔)"
"芝麻油","sesame oil","麻油 (môa-iû)
烏麻油 (o͘-môa-iû)"
"花朵","flower","花 (hoe,hoa)	[Note] hoe - vernacular; hoa - literary
花蕊 (hoe-lúi)"
"花生","peanut","塗豆 (thô͘-tāu)
落花生 (lo̍k-hoa-sng,lo̍k-ga-seng,lo̍k-hoa-seng,lōa-seng)	[Note] lōa-seng, loa̍h-seng - contractions"
"花蕾","flower bud","花莓 (hoe-m̂)"
"茄子","eggplant; aubergine","茄 (kiô,ka)
紅菜 (âng-chhài)"
"茶葉","tea leaf","茶箬 (tê-hio̍h)
茶心 (tê-sim)
茶米 (tê-bí)"
"草字頭","Chinese character component 艹","草字頭 (chháu-lī-thâu,chhó-lī-thâu)
草仔頭 (chhó-仔-thâu)"
"莙薘菜","chard","加跋菜 (ka-poa̍h-chhài)
軍辣菜 (kun-loa̍h-chhài,kun-toa̍h-chhài)
茄茉菜 (ka-boa̍h-chhài)"
"菜","dish; vegetable or meat dish","物配 (mn̍gh-phè,mn̍gh-phèr,mi̍h-phè)
菜配 (chhài-phè)"
"菠菜","spinach","菠倫菜 (po͘-lûn-chhài)
菠薐菜 (pe-lêng-chhài)
赤根菜 (chhiah-kun-chhài)"
"菠蘿","pineapple","王梨 (ông-lâi)"
"落枕","to have a stiff neck after sleeping","睏落枕 (khùn-lo̍h-chím)
交落枕 (ka-la̍uh-chím)
落枕 (la̍uh-chím)"
"葉子","leaf","箬 (ha̍h,hio̍h,lio̍k)	[Note] vernacular,ha̍h - vernacular; lio̍k/jia̍k - literary"
"著涼","to fall ill from inadequate warm-keeping","寒著 (kôaⁿ--tio̍h)
冷著 
感著 "
"蒲公英","dandelion","大號兔草 (tōa-hō-thò͘-chháu)
蒲公英 (pô͘-ko͘-eng,pô͘-kong-eng)"
"蒸籠","steamer basket","炊床 (chher-sn̂g,chhe-chhn̂g)
籠床 (lâng-sn̂g)
炊鋪 (chhe-pho͘)"
"蒼蠅","fly (insect)","胡蠅 (hô͘-sîn)"
"薤","Chinese onion","蕗蕎 (lō͘-giǒ,lō͘-giō,lō͘-kiō,lō͘-hiō)"
"蘿蔔","daikon; Chinese radish","菜頭 (chhài-thâu)"
"蘿蔔糕","radish cake","菜頭粿 (chhài-thâu-ké,chhài-thâu-kér)"
"蚊子","mosquito","蠓 (báng)
蠓仔 (báng-仔)
蠓蟲 (báng-thâng)"
"蚯蚓","earthworm","猴蚓 (kâu-ún)
杜蚓 (tō͘-ún)"
"蛋白","(chicken) egg white","卵清 (nňg-chheng,nn̄g-chheng)"
"蛙泳","breaststroke","田蛤仔泅 (chhân-kap-仔-siû)
水雞泅 (súi-koe-siû)
田蛤仔躘 (chhân-kap-仔-lèng)"
"蛤蜊","clam","蚶 (ham)"
"蜂蜜","honey","蜂蜜 (phang-bi̍t,hong-bi̍t)
蜜 (bi̍t)"
"蜥蜴","lizard","土地公蛇 (thó͘-tī-kong-chôa)
四跤媽 (sì-kha-má)
四跤杜定 (sì-kha-tō͘-tēng)
杜定 (tō͘-tēng)
四跤蛇 (sì-kha-chôa)"
"蜻蜓","dragonfly","田嬰 (chhân-iⁿ,chhân-ni)"
"蝌蚪","tadpole","烏胿魚 (o͘-kui-hîr)
大頭魚 (tōa-thâu-hîr)
蛤蛙 (kap-koai)
烏豆仔 "
"蝙蝠","bat (animal)","蝙蝠 (pián-hok)
日婆 (li̍t-pô)"
"蝴蝶","butterfly","尾蝶 (bé-ia̍h,bér-ia̍h)
蝴蝶 (ô͘-tia̍p)
蝶仔 (ia̍h-仔)"
"蝸牛","land snail","露螺 (hō͘-lê,lō͘-lê)"
"螃蟹","crab","蟳 (chîm)
蟳仔 (chîm-仔)"
"螞蟻","ant","狗蟻 (káu-hiǎ,káu-hiā)
蟻 (gí,hiǎ,hiā)	[Note] hiā/hiǎ - vernacular; gí - literary"
"螢火蟲","firefly","火螢 (hér-iâⁿ)
火金蛄 (hé-kim-ko͘)
火焰蛄 (hé-iām-ko͘)"
"螳螂","praying mantis","芒螳 (bông-tông)
草猴 (chháu-kâu)
草衝 "
"螺絲刀","screwdriver","螺絲絞 (lô-si-ká)"
"螻蛄","mole cricket","塗猴 
杜猴 (tō͘-kâu)"
"蟑螂","cockroach","虼蚻 (kǎ-choa̍h,ka-choa̍h)"
"蟬","cicada","洋飛獅 (iûⁿ-per-sai)
𧌄蜅蠐 (am-po͘-chê)"
"蟾蜍","toad","螿蜍 (chiuⁿ-chîr,chiuⁿ-chû)"
"蠶豆","fava bean","馬齒豆 (bé-khí-tāu)"
"衣服","clothes","衫 (sam,saⁿ)	[Note] saⁿ - vernacular; sam - literary
衫褲 (saⁿ-khò͘)
身穿 (sin-chhēng)
衫穿 (saⁿ-chhēng)"
"衣架","coat hanger","衫架 (saⁿ-kè)"
"袖子","sleeve (of clothing)","手䘼 (chhiú-ńg)"
"被","by; ''passive marker''","予 (îr,ír,thō͘,hō͘,ú,û)	[Note] literary reading,vernacular reading
乞 (khit,khì)"
"裡邊","inside","內面 (lǎi-bīn,lāi-bīn)
內底 (lǎi-tóe,lāi-tóe)
內頭 (lǎi-thâu,lāi-thâu)
內角 (lāi-kak)
內壁 (lǎi-piah)
內溝 (lāi-kau)
內兜 (lāi-tau)"
"襪子","sock","襪 (be̍h,boa̍t,be̍rh)	[Note] be̍h/be̍rh/boe̍h/bēr - vernacular; boa̍t - literary
襪仔 (be̍rh-仔,be̍h-仔)"
"襯衫","shirt","雲衫 (hûn-sam)
雲衫衫 (hûn-sam-saⁿ)"
"要","to want to","欲 (beh,io̍k,berh)	[Note] semantic (訓用字)"
"計算器","calculator","計算機 (kè-sǹg-ki)"
"討厭","to dislike; to loathe; to hate","㤉 
猌 (gīn)
沖 (chhèng,chhiong)
沖神 (chhiong-sîn)
沖𡳞 (chhiong-lān)"
"認識","to know (somebody)","捌 (pat,poeh,bat)	[Note] Zhangzhou: pat - only “to know”"
"說","to say, to speak","說 (seh,soat,sòe,serh)	[Note] seh/serh/soeh - vernacular; soat - literary
講 (káng,kóng)	[Note] kóng - vernacular; káng - literary"
"說夢話","to sleeptalk","陷眠 (hām-bîn)"
"說謊","to tell a lie","白賊 (pe̍h-chha̍t)
講白賊 "
"誰","who; whom","啥儂 
誰仔 (siâng-â)
誰_2 
誰_4 
是誰 (sǐ-chūi,chī-chūi)
誰_3 
啥物儂 
什物儂 
底儂 ()"
"謊言","lie; untruth","白賊 (pe̍h-chha̍t)
白賊話 (pe̍h-chha̍t-ōe)"
"謝謝","thank you","費神 (hùi-sîn)
勞力 (ló͘-la̍t,lô͘-lia̍k,lô-le̍k)
道謝 (tǒ͘-siā,tō-siā)
多謝 (to͘-siā,to-siā)"
"警察","police; police officer","警察 (kèng-chhat)
烏跤 (o͘-kha)"
"豆漿","soy milk","豆奶 (tāu-lin,tāu-ni)"
"豆腐乳","fermented bean curd","芋鹹 
豆乳 (tāu-lú)"
"豆腐乾","dried tofu","豆乾 (tāu-koaⁿ)"
"豆腐腦","tofu pudding","豆花 (tāu-hoe)"
"豆芽","bean sprouts","豆芽 (tāu-gê)
豆生 (tāu-siⁿ)
豆菜 (tāu-chhài)"
"豆薯","jicama","葛薯 (koah-chîr)
番葛 (hoan-koah)"
"豆豉","douchi; fermented black bean","豆豉 (tāu-sī,tāu-sīⁿ)
蔭豉 (ìm-sī,ìm-sīⁿ)
豆粒仔 "
"豌豆","pea","荷仁豆 (hô-lin-tāu,hô͘-lin-tāu,hô͘-lîn-tāu,hô-lîn-tāu)"
"豎心旁","Chinese character component 忄","抱心爿 (phǒ-sim-pûiⁿ,phō-sim-pêng)
徛心爿 (khiā-sim-pêng)"
"豬","pig; swine","豬 (ti,tir,tu)	[Note] tu - suburban Xiamen
豬仔 (tir-仔,ti-仔)"
"豬油","lard","肉油 (mah-iû,hia̍k-iû,bah-iû)
豬油 (tir-iû,ti-iû)"
"豺","[[dhole]]","豺狗 (siâ-káu)"
"貓","cat","貓 (bâu,bâ,niau)	[Note] niau, bâ - vernacular; bâu - literary
貓媌 (niau-bâ)"
"貓頭鷹","owl","暗光鳥 (àm-kong-chiáu)
鴣黃 (ko͘-n̂g)
貓頭鷹 (niau-thâu-eng)"
"賭博","to gamble","跋繳 (poa̍h-kiáu)"
"起床","to get up; to get out of bed","起來 (khí-lâi,khí--lâi)
起床 (khí-chhn̂g)"
"趕緊","quickly; without delay","較緊 (khà-kín,khah-kín)
趕緊 (kóaⁿ-kín)
緊猛 (kín-mí,kín-mih)"
"足球","football; soccer","跤球 (kha-kiû)"
"跳蚤","flea","虼蚤 (ka-cháu)"
"蹲","to squat","跍 (khû)"
"車站","(bus, train, etc.) station","車站 (chhia-chǎm,chhia-chām)
車頭 (chhia-thâu)"
"轉筆刀","pencil sharpener","鉛筆璇 (ian-pit-soān)
鉛筆剾 (iân-pit-khau)"
"辣椒","chili pepper","番薑 (hoan-kiuⁿ)
番椒 (hoan-chio)"
"農曆","Chinese calendar","古曆 (kó͘-lia̍k,kó͘-le̍k)
舊曆 (kū-lia̍k,kū-le̍k)
咱人 (lán-lâng,nán-nâng,lán-nâng)"
"農民","farmer; peasant","作塍儂 ()
作穡儂 ()
農民 (lông-bîn)
農哥 (lông--ko)"
"這","this","這 (chit,chí,ché,gān,chiá)	[Note] ché/chí/che - pronoun (chí usually written as {{m|zh|只}}), may be etymologically unrelated to the Mandarin readings; chit - determiner (contraction of {{m|zh|這[[一]]}}), may be etymologically unrelated to the Mandarin readings; chiá - literary
只 (chí)"
"這些","these","拽 (choâi)
遮的 (chia-ê,chiâ-ê)"
"這樣","like this; in this way (''modifies verb'')","按呢 (an-ni,án-ni)
按呢生 "
"這裡","here","遮 (chiâ,chia,chiah,lia)
這搭 (chit-tah)
這位 (chit-ūi)
這落 ()
這帶 (chit-tèr,chit-tè)
這跡 (chit-liah)"
"這麼","so; such (''modifies adj.'')","拙 (choah,choat)	[Note] choah - vernacular; choat - literary
拙幹 
遮 (chiâ,chia,chiah,lia)
遮爾 (chiah-nī)
遮爾仔 "
"進去","to go in; to enter","入去 (li̍p-khìr,li̍p-khì)"
"選","to choose","揀 (kúiⁿ,kán,kéng)	[Note] kéng/kúiⁿ/káiⁿ - vernacular; kán - literary
選 (soán)"
"還","still; yet","猶 (iû,iá,á,áu,iáu,ah)	[Note] iu - only used in {{zh-l|*猶原}}
猶閣 (ah-koh,á-koh,iá-koh,iáu-koh,iàu-koh,iah-koh)"
"還是","or","抑是 (á-sǐ,a̍h-sī)
抑 (á,iak,ek,iah,a̍h,ah)	[Note] iak/ek - literary; iah/ah/ia̍h/a̍h/á - vernacular"
"那","that","彼 (hit,pí)
許 (hí,khó͘,hír,hú)	[Note] hú/hír/hí - literary; khó͘ - vernacular (surname)"
"那些","those","徊 (hoâi,hôe)"
"那裡","there","彼搭 (hit-tah)
遐 (hiâ,hâ,hiah)
彼兜 
彼帶 (hit-tèr,hit-tè)
彼位 (hit-ūi)
彼跡 (hit-liah)"
"郵遞員","postman; mailman","分批的 "
"鄰居","neighbor","厝邊 (chhù-piⁿ)
隔壁 (keh-piah)
厝邊跤兜 (chhù-piⁿ-kha-tau)
厝邊頭尾 (chhù-piⁿ-thâu-bér,chhù-piⁿ-thâu-bé)"
"酒窩","dimple","酒窟 (chiú-khut)
酒窟仔 (chiú-khut-仔)"
"酸溜溜","(''expressive'') sour","酸掬掬 (sng-kiuh-kiuh)
酸揪揪 (sng-giuh-giuh)
酸記記 (sng-kì-kì)"
"醜","ugly","歹看 (phái-khòaⁿ,pháiⁿ-khòaⁿ)
㾀勢 (khiap-sì)"
"醫生","doctor; physician","醫生 (i-sng,i-seng)
先生 (sian-siⁿ)	[Note] When following a surname, it is read in the neutral tone"
"醫院","hospital","醫院 (i-īⁿ)
病厝 (pīⁿ-chhù)
病院 ()	[Note] biô-ín - from Japanese pronunciation
醫館 (i-koán)"
"醬油","soy sauce","豆油 (tāu-iû)"
"銀河","Milky Way","天河 (thian-hô)
河溪 (ô-khoe,hô-khoe)"
"銀耳","snow fungus","白木耳 (pe̍h-bo̍k-lí,pe̍h-bo̍k-ní)"
"鋼筆","fountain pen","水筆 (chúi-pit)
鐵筆 (thih-pit)
鋼筆 (kǹg-pit)
自來水筆 "
"錘子","hammer","鐵錘 (thih-thûi)
錘仔 (thûi-仔)
錘 (thûi,tûi)
鐵釘仔錘 (thih-teng-仔-thûi)"
"錢","money","錢 (chiân,chîⁿ)	[Note] chîⁿ - vernacular; chiân - literary; chhiân - limited (e.g. in {{lang|zh|一錢，二緣，三媠，四少年}})
鐳 (lui,lûi)"
"鍋巴","rice crust; scorched rice","飯疕 (pn̄g-phí)
臭焦疕 (chhàu-ta-phí)
鼎疕 (tiáⁿ-phí)"
"鏡子","mirror","鏡 (kiàⁿ,kèng)	[Note] kèng - literary; kiàⁿ - vernacular"
"鐵路","railway; railroad","鐵路 (thih-lō͘)
火車路 (hér-chhia-lō͘,hé-chhia-lō͘)"
"鐵鏽","rust","鐵鉎 (thih-san,thih-sian)
鉎 (siⁿ,san,sng,sian,seng)	[Note] sng/seng - literary; siⁿ/seⁿ/san/sian - vernacular"
"鑰匙","key","鎖匙 (só-sî)
撰匙 (choān-sî)"
"閃電","lightning","䟙掣 (chhih-chhoah)
䟙光 (chhih-kng)
䟙媽 (chhih-má)
相爁電 
爍爁 (sihⁿ-nà)"
"開水","boiled water","滾水 (kún-chúi)"
"開襠褲","open-crotch pants","開跤褲 (khui-kha-khò͘)
開尻川褲 (khui-kha-chhng-khò͘)"
"開車","to drive (a vehicle)","捍車 (hōaⁿ-chhia)
開車 (khui-chhia)
駛車 (sái-chhia)"
"閒談","to chat","冇談 (phàⁿ-tâm)
練仙 (liān-sian)
答喙鼓 
拍喙鼓 (phah-chhùi-kó͘)
觸喙鼓 (tak-chhùi-kó͘)
拍拉涼 (phah-la-liâng)"
"關帝","Lord Guan; Guan Yu","關帝爺 (Koan-tè-iâ)
帝爺公 (Tè-iâ-gong)
帝君 (tè-kun)
帝爺 (Tè-iâ)"
"陀螺","spinning top","矸轆 (kan-lo̍k)"
"陰囊","scrotum","𡳞脬 (lǎn-pha,lān-pha)
囝孫袋 (kiáⁿ-sun-tē)"
"陰戶","vulva; female genitalia","膣屄 (chi-bai)
膣 (chi,tit)	[Note] chi - vernacular; tit - literary"
"陰莖","penis; male genitalia","𡳞鳥 (lǎn-chiáu,lān-chiáu)
𡳞𦉎 (lǎn-sui,lān-sui)
𡳞 (lǎn,lān)"
"雙人旁","Chinese character component 彳","雙徛儂 
雙人爿 (siang-lîn-pêng)"
"雙眼皮","double eyelids","重巡 (têng-sûn)"
"雙耳旁","Chinese character component 阝","鉤耳爿 (kau-hǐ-pûiⁿ,kau-hī-pêng)
鉤耳仔爿 (kau-hī-仔-pêng)"
"雙胞胎","twins","雙生的 (sang-siⁿ--ê,siang-siⁿ--ê)
雙生仔囝 (siang-siⁿ-仔-kiáⁿ)
雙生仔 (siang-siⁿ-仔)
雙生囝 (siang-siⁿ-kiáⁿ)
雙生 (sang-siⁿ,siang-siⁿ)"
"雞","chicken (animal)","雞 (ke,koe)	[Note] Xiamen, Quanzhou: koe - vernacular; ke - literary
雞仔 (koe-仔)
雞喌 (koe-chû)"
"雞毛撣子","feather duster","雞毛筅 (koe-mn̂g-chhúiⁿ,koe-mn̂g-chhéng)"
"雞皮疙瘩","goose pimples; goosebumps","雞母皮 (koe-bú-phêr,koe-bú-phê)"
"雞蛋","chicken egg","雞卵 (koe-nňg,koe-nn̄g)"
"難道","could it be that; is it possible that","敢 (káⁿ,kám)	[Note] káⁿ - vernacular; kám - literary
總無 (chóng-bô)
攏無 (lóng-bô)"
"雨衣","raincoat","雨衫 (hǒ͘-saⁿ,hō͘-saⁿ)"
"雪茄","cigar","珠律 (chu-lu̍t)"
"零蛋","goose egg; score of zero","鴨卵 (ah-nňg,ah-nn̄g)
圓箍仔 (îⁿ-kho͘-仔)
圓箍奶 (îⁿ-kho͘-lin)
鴨母卵 (ah-bú-nn̄g)"
"零錢","banknotes of small value or coins","零星 (lân-san,lêng-seng)	[Note] lân-san - colloquial (all senses); lêng-seng - literary (adjective)
零星錢 (lân-san-chîⁿ)
散錢 (sóaⁿ-chîⁿ)
占找 (chiam-chāu)"
"電影","film; movie","影戲 (iáⁿ-hì)
電影 (tiān-iáⁿ)
電影戲 (tiān-iáⁿ-hì)"
"電燈泡","light bulb","電珠 (tiān-chu)
電葩 (tiān-pha)"
"電風扇","electric fan","風扇 (hoang-sìⁿ,hong-sìⁿ)
電扇 (tiān-sìⁿ)
電風扇 (tiān-hoang-sìⁿ,tiān-hong-sìⁿ)"
"霍亂","cholera","霍亂 (hok-loān)
落吐症 (làu-thò͘-chèng)
落吐 
漏吐症 "
"霧","fog","霧 (bū)
雺 (bông,bô͘)	[Note] Xiamen bông - in {{zh-l|*雺霧}}"
"青蛙","frog","水雞 (súi-koe)
埯魅坸仔 (âm-mu̍ih-kauh-仔)
田蛤仔 (chhân-kap-仔)"
"靴子","boot","靴 (hia,hio)	[Note] hia - vernacular; hio - literary"
"鞦韆","swing (hanging seat)","韆鞦 (chhian-chhiu)"
"鞭炮","firecrackers","炮仔 (phauh-仔,phàu-仔)
炮 (phàu,phâu)"
"頂嘴","to answer back; to talk back","應喙應舌 (ìn-chhùi-ìn-chi̍h)
拄喙 (tú-chhùi)
話拄 (ōe-tú)"
"頑皮","naughty","孽 (gia̍t)
跳鬼 (thiàu-kúi)
刁皮 
跳限 (thiàu-hān)
跳塌 (thiàu-thah,thiàu-that)"
"頭","head","頭 (thâu,thiô,thô͘)	[Note] thâu - vernacular; thiô/thô͘ - literary; thô - only used in {{zh-l|*饅頭}}
頭殼 (thâu-khak)"
"頭髮","hair (on the head)","頭毛 (thâu-mn̂g)
頭鬃 (thâu-chang)"
"風箏","kite (toy)","風吹 (hoang-chhe,hoang-chher,hong-chhe)"
"颱風","typhoon","風颱 (hoang-thai,hong-thai)"
"飛機","airplane","飛機 (hui-ki)
飛船 (hui-chûn,per-chûn,pe-chûn)"
"食指","index finger","指指 (kí-chúiⁿ,kí-cháiⁿ,kí-chái)"
"食物","food","食物 (si̍t-bu̍t,chia̍h-mn̍gh,chia̍h-mi̍h)	[Note] si̍t-bu̍t - literary; chia̍h-mn̍gh/chia̍h-mi̍h - colloquial
食食 (chia̍h-si̍t)
物食 (mi̍h-chia̍h)"
"餓","hungry","枵 (hiau,iau)	[Note] hiau - literary; iau - vernacular"
"餛飩","wonton","扁食 (pián-si̍t)"
"饅頭","steamed bun (without filling)","饅頭 (bīn-thâu,bān-thâu)
麵頭 (mī-thâu)"
"香","fragrant","芳 (phang,hong)	[Note] phang - vernacular; hong - literary"
"香煙","cigarette","薰枝 (hun-ki)
薰 (hun)"
"香蕉","banana","弓蕉 (keng-chio,kheng-chio,geng-chio)"
"馬上","immediately; at once","隨 (sûi)
隨隨 (sûi-sûi)
連鞭 (liâm-mi,liâm-piⁿ)
隨煞 (sûi-soah,sûi-sah)
現煞 (hiān-soah,hiān-sah)
隨時 (sûi-sî)"
"馬鈴薯","potato","番仔番薯 (hoan-仔-han-chîr,hoan-仔-han-chû)
馬鈴薯 (má-lêng-chîr,má-lêng-chû)"
"馬齒莧","purslane","豬母菜 (tir-bú-chhài,ti-bú-chhài)"
"駕駛執照","driving licence; driver's licence","車頭字 (chhia-thâu-lī)"
"騙","to deceive; to fool","諞 (pián)
術 (su̍t)"
"骰子","die (used in games of chance)","骰仔 (tâu-仔)
豆仔 ()"
"髒","dirty","腌臢 (am-cham,an-cham)
驚人 (kiaⁿ--lâng,kiaⁿ-lâng,keng-lîn)	[Note] In Fujian, both readings are used for both senses. In Taiwan, ''kiaⁿ--lâng'' is used for ""scary"" and ''kiaⁿ-lâng'' is used for ""filthy""
颺埃 (eng-ia)
兇 (hiong)
流瘍 (lâu-siông)
流死瘍 
垃圾 (lap-sap)
垃儳 "
"髒話","swear words; profanity","垃圾話 (lap-sap-ōe)"
"高","tall; high","懸 (hiân,soân,kûiⁿ,koâiⁿ)	[Note] vernacular,hiân - literary; soân - vernacular (俗)
躼 (liò,lò)"
"高粱","sorghum","番黍 (hoan-sóe)
蘆黍 (lô͘-sóe)"
"鬍子","beard","喙鬚 (chhùi-chhiu)"
"鬢角","area where sideburns grow","鬢跤 
鬢邊 (pìn-piⁿ)"
"魷魚","squid","鰇魚 (liû-hîr,liû-hî)"
"鯨魚","whale","海翁 (hái-ang)"
"鱅魚","bighead carp","大頭鰱 (tōa-thâu-liân)"
"鱷魚","crocodile; alligator","末仔 (boa̍h-仔,boah-仔)"
"鳥","bird","鳥 (chiáu,niáu)	[Note] chiáu - vernacular; niáu - literary
鳥仔 (chiáu-仔)
鳥隻 (chiáu-chiah)"
"鳳仙花","garden balsam","掌甲花 (chńg-kah-hoe)
金鳳 (kim-hōng)
錦鳳 (gím-hōng)"
"鴨子","duck","鴨 (ap,ah)	[Note] ah - vernacular; ap - literary
鴨仔 (ah-仔)
闊喙婆 "
"鴨蛋","duck egg","鴨卵 (ah-nňg,ah-nn̄g)
鴨母卵 (ah-bú-nn̄g)"
"鴿子","pigeon; dove","鴿仔 (kap-仔)
子仔 (chíⁿ-仔)"
"麵包","bread","麵包 (mī-pau)
饅頭 (bīn-thâu,bān-thâu)"
"麵條","noodle","麵 (mī,biān)	[Note] mī - vernacular; biān - literary"
"麻將","mahjong","麻雀 (bâ-chhiok,mâ-chhiok)"
"麻雀","sparrow","粟鳥仔 (chhiak-chiáu-仔,chhek-chiáu-仔)"
"黃豆","yellow soybean","白豆 (pe̍h-tāu)"
"黃鼬","Siberian weasel","赤鼠 (chhiah-chhír,chhiah-chhú)"
"黑","black","烏 (o͘)"
"黑板","blackboard","烏牌 (o͘-pâi)
烏板 (o͘-pán)"
"鼻子","nose","鼻仔 (phī-仔,phīⁿ-仔)
鼻 (phī,phīⁿ,pi̍t)	[Note] phīⁿ/phī/phǐ - vernacular; pi̍t - literary"
"鼻孔","nostril","鼻空 (phī-khang,phīⁿ-khang)"
"鼻尖","tip of the nose","鼻頭 (phī-thâu,phīⁿ-thâu)"
"鼻樑","bridge of the nose","鼻鞍 (phī-oaⁿ,phīⁿ-oaⁿ)
鼻刀 (phī-to,phīⁿ-to)
鼻腰 (phīⁿ-io)"
"鼻涕","nasal mucus","鼻水 (phī-chúi,phīⁿ-chúi)
鼻 (phī,phīⁿ,pi̍t)	[Note] phīⁿ/phī/phǐ - vernacular; pi̍t - literary"
"龍葵","black nightshade","烏點規 (o͘-tiám-kui)
五提茄 (gō͘-thê-kiô)
七粒紐 (chhit-lia̍p-liú)"
